path,class,source,group,predicted,top_probability,p_reject,margin
/root/.cache/kagglehub/datasets/andrewmvd/leukemia-classification/versions/2/C-NMC_Leukemia/training_data/fold_1/all/UID_46_24_1_all.bmp,leukaemia,cnmc,46,reject,0.7481982064452765,0.7481982064452765,0.4963964133146465
/root/.cache/kagglehub/datasets/andrewmvd/leukemia-classification/versions/2/C-NMC_Leukemia/training_data/fold_2/all/UID_67_19_1_all.bmp,leukaemia,cnmc,67,reject,0.9999999368212538,0.9999999368212538,0.9999998815784192
/root/.cache/kagglehub/datasets/andrewmvd/leukemia-classification/versions/2/C-NMC_Leukemia/training_data/fold_0/all/UID_20_35_1_all.bmp,leukaemia,cnmc,20,reject,0.9619686621959758,0.9619686621959758,0.9239373423152759
/root/.cache/kagglehub/datasets/andrewmvd/leukemia-classification/versions/2/C-NMC_Leukemia/training_data/fold_0/all/UID_26_20_1_all.bmp,leukaemia,cnmc,26,reject,0.8565794048696845,0.8565794048696845,0.7131588099320586
/root/.cache/kagglehub/datasets/andrewmvd/leukemia-classification/versions/2/C-NMC_Leukemia/training_data/fold_2/all/UID_37_28_1_all.bmp,leukaemia,cnmc,37,reject,0.9999864726874447,0.9999864726874447,0.9999729454608642
/root/.cache/kagglehub/datasets/andrewmvd/leukemia-classification/versions/2/C-NMC_Leukemia/training_data/fold_1/all/UID_30_8_9_all.bmp,leukaemia,cnmc,30,reject,0.9999726708550385,0.9999726708550385,0.999945341727275
/root/.cache/kagglehub/datasets/andrewmvd/leukemia-classification/versions/2/C-NMC_Leukemia/training_data/fold_2/hem/UID_H9_22_2_hem.bmp,leukaemia,cnmc,H9,reject,0.9999999230816677,0.9999999230816677,0.9999998466166582
/root/.cache/kagglehub/datasets/andrewmvd/leukemia-classification/versions/2/C-NMC_Leukemia/training_data/fold_0/all/UID_11_15_3_all.bmp,leukaemia,cnmc,11,reject,0.9999998689547586,0.9999998689547586,0.9999997395331017
/root/.cache/kagglehub/datasets/andrewmvd/leukemia-classification/versions/2/C-NMC_Leukemia/training_data/fold_2/all/UID_21_9_1_all.bmp,leukaemia,cnmc,21,reject,0.9991619444082596,0.9991619444082596,0.9983238909014532
/root/.cache/kagglehub/datasets/andrewmvd/leukemia-classification/versions/2/C-NMC_Leukemia/training_data/fold_2/all/UID_27_13_1_all.bmp,leukaemia,cnmc,27,reject,0.999993891566573,0.999993891566573,0.9999877831427273
/root/.cache/kagglehub/datasets/andrewmvd/leukemia-classification/versions/2/C-NMC_Leukemia/training_data/fold_0/all/UID_15_25_2_all.bmp,leukaemia,cnmc,15,reject,0.9997479839542711,0.9997479839542711,0.9994959679526495
/root/.cache/kagglehub/datasets/andrewmvd/leukemia-classification/versions/2/C-NMC_Leukemia/training_data/fold_0/all/UID_45_25_13_all.bmp,leukaemia,cnmc,45,reject,0.9999959037573023,0.9999959037573023,0.9999918088185914
/root/.cache/kagglehub/datasets/andrewmvd/leukemia-classification/versions/2/C-NMC_Leukemia/training_data/fold_2/all/UID_13_8_1_all.bmp,leukaemia,cnmc,13,reject,0.999946493797792,0.999946493797792,0.9998929877291648
/root/.cache/kagglehub/datasets/andrewmvd/leukemia-classification/versions/2/C-NMC_Leukemia/training_data/fold_0/hem/UID_H12_34_1_hem.bmp,leukaemia,cnmc,H12,reject,0.9994036346776803,0.9994036346776803,0.9988072706092235
/root/.cache/kagglehub/datasets/andrewmvd/leukemia-classification/versions/2/C-NMC_Leukemia/training_data/fold_2/hem/UID_H5_12_4_hem.bmp,leukaemia,cnmc,H5,malaria,0.7569913545431267,0.24300864465529184,0.5139827098878349
/root/.cache/kagglehub/datasets/andrewmvd/leukemia-classification/versions/2/C-NMC_Leukemia/training_data/fold_2/hem/UID_H40_19_4_hem.bmp,leukaemia,cnmc,H40,reject,0.9991837653205758,0.9991837653205758,0.9983675313235265
/root/.cache/kagglehub/datasets/andrewmvd/leukemia-classification/versions/2/C-NMC_Leukemia/training_data/fold_0/all/UID_22_21_2_all.bmp,leukaemia,cnmc,22,reject,0.9992053449657131,0.9992053449657131,0.9984106899707219
/root/.cache/kagglehub/datasets/andrewmvd/leukemia-classification/versions/2/C-NMC_Leukemia/training_data/fold_0/all/UID_19_4_1_all.bmp,leukaemia,cnmc,19,reject,0.9784398955586977,0.9784398955586977,0.9568797912841538
/root/.cache/kagglehub/datasets/andrewmvd/leukemia-classification/versions/2/C-NMC_Leukemia/training_data/fold_2/hem/UID_H13_29_3_hem.bmp,leukaemia,cnmc,H13,reject,0.999999539904996,0.999999539904996,0.9999990802757299
/root/.cache/kagglehub/datasets/andrewmvd/leukemia-classification/versions/2/C-NMC_Leukemia/training_data/fold_2/hem/UID_H48_2_2_hem.bmp,leukaemia,cnmc,H48,reject,0.9999311255003167,0.9999311255003167,0.99986225133838
/root/.cache/kagglehub/datasets/andrewmvd/leukemia-classification/versions/2/C-NMC_Leukemia/training_data/fold_2/hem/UID_H23_18_7_hem.bmp,leukaemia,cnmc,H23,reject,0.9999999273937029,0.9999999273937029,0.9999998547877846
/root/.cache/kagglehub/datasets/andrewmvd/leukemia-classification/versions/2/C-NMC_Leukemia/training_data/fold_0/all/UID_43_12_1_all.bmp,leukaemia,cnmc,43,reject,0.9997010282720082,0.9997010282720082,0.9994020571943822
/root/.cache/kagglehub/datasets/andrewmvd/leukemia-classification/versions/2/C-NMC_Leukemia/training_data/fold_0/hem/UID_H24_22_11_hem.bmp,leukaemia,cnmc,H24,reject,0.9999145029179035,0.9999145029179035,0.999829005965392
/root/.cache/kagglehub/datasets/andrewmvd/leukemia-classification/versions/2/C-NMC_Leukemia/training_data/fold_2/all/UID_25_4_4_all.bmp,leukaemia,cnmc,25,reject,0.9983663747013732,0.9983663747013732,0.9967327494302957
/root/.cache/kagglehub/datasets/andrewmvd/leukemia-classification/versions/2/C-NMC_Leukemia/training_data/fold_2/all/UID_74_12_1_all.bmp,leukaemia,cnmc,74,reject,0.9999998190443357,0.9999998190443357,0.9999996449804827
/root/.cache/kagglehub/datasets/andrewmvd/leukemia-classification/versions/2/C-NMC_Leukemia/training_data/fold_0/all/UID_52_18_13_all.bmp,leukaemia,cnmc,52,reject,0.9999999864803479,0.9999999864803479,0.9999999729617519
/root/.cache/kagglehub/datasets/andrewmvd/leukemia-classification/versions/2/C-NMC_Leukemia/training_data/fold_1/all/UID_38_18_1_all.bmp,leukaemia,cnmc,38,reject,0.9999886209678913,0.9999886209678913,0.9999772428876477
/root/.cache/kagglehub/datasets/andrewmvd/leukemia-classification/versions/2/C-NMC_Leukemia/training_data/fold_0/hem/UID_H6_7_1_hem.bmp,leukaemia,cnmc,H6,reject,0.9996812870490547,0.9996812870490547,0.9993625756272165
/root/.cache/kagglehub/datasets/andrewmvd/leukemia-classification/versions/2/C-NMC_Leukemia/training_data/fold_0/all/UID_28_10_3_all.bmp,leukaemia,cnmc,28,reject,0.999999448497872,0.999999448497872,0.9999988970055247
/root/.cache/kagglehub/datasets/andrewmvd/leukemia-classification/versions/2/C-NMC_Leukemia/training_data/fold_1/hem/UID_H22_13_4_hem.bmp,leukaemia,cnmc,H22,reject,0.9999994911694359,0.9999994911694359,0.9999989823467443
/root/.cache/kagglehub/datasets/andrewmvd/leukemia-classification/versions/2/C-NMC_Leukemia/training_data/fold_2/hem/UID_H18_10_1_hem.bmp,leukaemia,cnmc,H18,reject,0.9999999983334278,0.9999999983334278,0.9999999966669914
/root/.cache/kagglehub/datasets/andrewmvd/leukemia-classification/versions/2/C-NMC_Leukemia/training_data/fold_2/all/UID_68_28_9_all.bmp,leukaemia,cnmc,68,reject,0.997905449663746,0.997905449663746,0.9958108994495768
/root/.cache/kagglehub/datasets/andrewmvd/leukemia-classification/versions/2/C-NMC_Leukemia/training_data/fold_0/all/UID_3_4_2_all.bmp,leukaemia,cnmc,3,reject,0.9999999994018158,0.9999999994018158,0.9999999988671031
/root/.cache/kagglehub/datasets/andrewmvd/leukemia-classification/versions/2/C-NMC_Leukemia/training_data/fold_1/all/UID_34_1_3_all.bmp,leukaemia,cnmc,34,reject,0.9999444545782696,0.9999444545782696,0.9998889092155364
/root/.cache/kagglehub/datasets/andrewmvd/leukemia-classification/versions/2/C-NMC_Leukemia/training_data/fold_2/all/UID_47_3_5_all.bmp,leukaemia,cnmc,47,reject,0.9953163383730245,0.9953163383730245,0.9906326772639931
/root/.cache/kagglehub/datasets/andrewmvd/leukemia-classification/versions/2/C-NMC_Leukemia/training_data/fold_0/all/UID_17_14_3_all.bmp,leukaemia,cnmc,17,reject,0.9727209156403211,0.9727209156403211,0.9454418314527885
/root/.cache/kagglehub/datasets/andrewmvd/leukemia-classification/versions/2/C-NMC_Leukemia/training_data/fold_0/all/UID_50_27_3_all.bmp,leukaemia,cnmc,50,reject,0.9999369970371937,0.9999369970371937,0.9998739941002768
/root/.cache/kagglehub/datasets/andrewmvd/leukemia-classification/versions/2/C-NMC_Leukemia/training_data/fold_2/hem/UID_h3_23_1_hem.bmp,leukaemia,cnmc,H3,reject,0.9999999964682766,0.9999999964682766,0.9999999937315325
/root/.cache/kagglehub/datasets/andrewmvd/leukemia-classification/versions/2/C-NMC_Leukemia/training_data/fold_0/all/UID_14_7_2_all.bmp,leukaemia,cnmc,14,malaria,0.9304999857830947,0.06950001413679853,0.8609999716462962
/root/.cache/kagglehub/datasets/andrewmvd/leukemia-classification/versions/2/C-NMC_Leukemia/training_data/fold_0/hem/UID_H11_19_1_hem.bmp,leukaemia,cnmc,H11,reject,0.9999994857813073,0.9999994857813073,0.9999989716118572
/root/.cache/kagglehub/datasets/andrewmvd/leukemia-classification/versions/2/C-NMC_Leukemia/training_data/fold_2/all/UID_24_8_9_all.bmp,leukaemia,cnmc,24,reject,0.9999986278880129,0.9999986278880129,0.9999972557929352
/root/.cache/kagglehub/datasets/andrewmvd/leukemia-classification/versions/2/C-NMC_Leukemia/training_data/fold_0/hem/UID_H17_38_2_hem.bmp,leukaemia,cnmc,H17,reject,0.9977105052460623,0.9977105052460623,0.9954210105473017
/root/.cache/kagglehub/datasets/andrewmvd/leukemia-classification/versions/2/C-NMC_Leukemia/training_data/fold_1/hem/UID_H10_190_1_hem.bmp,leukaemia,cnmc,H10,reject,0.9999999999344487,0.9999999999344487,0.9999999998830376
/root/.cache/kagglehub/datasets/andrewmvd/leukemia-classification/versions/2/C-NMC_Leukemia/training_data/fold_2/hem/UID_H8_5_1_hem.bmp,leukaemia,cnmc,H8,reject,0.9999993781530242,0.9999993781530242,0.9999987563092768
/root/.cache/kagglehub/datasets/andrewmvd/leukemia-classification/versions/2/C-NMC_Leukemia/training_data/fold_2/all/UID_36_5_2_all.bmp,leukaemia,cnmc,36,reject,0.999999990007053,0.999999990007053,0.9999999801267857
/root/.cache/kagglehub/datasets/andrewmvd/leukemia-classification/versions/2/C-NMC_Leukemia/training_data/fold_2/all/UID_75_25_3_all.bmp,leukaemia,cnmc,75,reject,0.9811365438578523,0.9811365438578523,0.9622730887514429
/root/.cache/kagglehub/datasets/andrewmvd/leukemia-classification/versions/2/C-NMC_Leukemia/training_data/fold_2/all/UID_72_32_1_all.bmp,leukaemia,cnmc,72,reject,0.7872035149151777,0.7872035149151777,0.5744070451624039
/root/.cache/kagglehub/datasets/andrewmvd/leukemia-classification/versions/2/C-NMC_Leukemia/training_data/fold_2/hem/UID_H1_9_1_hem.bmp,leukaemia,cnmc,H1,reject,0.9958168499891202,0.9958168499891202,0.9916337105509256
/root/.cache/kagglehub/datasets/andrewmvd/leukemia-classification/versions/2/C-NMC_Leukemia/training_data/fold_1/all/UID_32_29_1_all.bmp,leukaemia,cnmc,32,reject,0.9995702988460261,0.9995702988460261,0.9991406164438486
/root/.cache/kagglehub/datasets/andrewmvd/leukemia-classification/versions/2/C-NMC_Leukemia/training_data/fold_0/all/UID_35_13_1_all.bmp,leukaemia,cnmc,35,reject,0.9861996042993282,0.9861996042993282,0.9723992236999427
/root/.cache/kagglehub/datasets/andrewmvd/leukemia-classification/versions/2/C-NMC_Leukemia/training_data/fold_2/hem/UID_H46_25_2_hem.bmp,leukaemia,cnmc,H46,reject,0.9975390428954759,0.9975390428954759,0.9950780863105656
/root/.cache/kagglehub/datasets/andrewmvd/leukemia-classification/versions/2/C-NMC_Leukemia/training_data/fold_0/all/UID_4_36_3_all.bmp,leukaemia,cnmc,4,reject,0.9999795790158785,0.9999795790158785,0.9999591580454533
/root/.cache/kagglehub/datasets/andrewmvd/leukemia-classification/versions/2/C-NMC_Leukemia/training_data/fold_1/all/UID_51_161_8_all.bmp,leukaemia,cnmc,51,reject,0.9997948630262935,0.9997948630262935,0.9995899025541753
/root/.cache/kagglehub/datasets/andrewmvd/leukemia-classification/versions/2/C-NMC_Leukemia/training_data/fold_0/all/UID_1_10_4_all.bmp,leukaemia,cnmc,1,reject,0.9995940931444864,0.9995940931444864,0.9991881863197482
/root/.cache/kagglehub/datasets/andrewmvd/leukemia-classification/versions/2/C-NMC_Leukemia/training_data/fold_1/all/UID_44_22_1_all.bmp,leukaemia,cnmc,44,reject,0.9970118525453118,0.9970118525453118,0.9940237053101725
/root/.cache/kagglehub/datasets/andrewmvd/leukemia-classification/versions/2/C-NMC_Leukemia/training_data/fold_0/all/UID_48_19_3_all.bmp,leukaemia,cnmc,48,reject,0.99676160466137,0.99676160466137,0.9935232093897058
/root/.cache/kagglehub/datasets/andrewmvd/leukemia-classification/versions/2/C-NMC_Leukemia/training_data/fold_0/hem/UID_H7_10_2_hem.bmp,leukaemia,cnmc,H7,malaria,0.9580973984109735,0.04190260156495239,0.9161947968460211
/root/.cache/kagglehub/datasets/andrewmvd/leukemia-classification/versions/2/C-NMC_Leukemia/training_data/fold_0/hem/UID_H16_28_1_hem.bmp,leukaemia,cnmc,H16,reject,0.99847542618905,0.99847542618905,0.9969508525502621
/root/.cache/kagglehub/datasets/andrewmvd/leukemia-classification/versions/2/C-NMC_Leukemia/training_data/fold_1/all/UID_2_33_5_all.bmp,leukaemia,cnmc,2,reject,0.9999990809873164,0.9999990809873164,0.9999981629094857
/root/.cache/kagglehub/datasets/andrewmvd/leukemia-classification/versions/2/C-NMC_Leukemia/training_data/fold_0/hem/UID_H19_25_2_hem.bmp,leukaemia,cnmc,H19,reject,0.9999999067056178,0.9999999067056178,0.9999998135007012
/root/.cache/kagglehub/datasets/andrewmvd/leukemia-classification/versions/2/C-NMC_Leukemia/training_data/fold_0/hem/UID_H15_17_3_hem.bmp,leukaemia,cnmc,H15,malaria,0.8343364870217223,0.16566351277296387,0.6686729742487584
/root/.cache/kagglehub/datasets/andrewmvd/leukemia-classification/versions/2/C-NMC_Leukemia/training_data/fold_2/hem/UID_H20_20_5_hem.bmp,leukaemia,cnmc,H20,reject,0.9996896787163091,0.9996896787163091,0.9993794159552529
/root/.cache/kagglehub/datasets/andrewmvd/leukemia-classification/versions/2/C-NMC_Leukemia/training_data/fold_1/all/UID_23_2_2_all.bmp,leukaemia,cnmc,23,reject,0.9995299284140889,0.9995299284140889,0.9990598568635748
/root/.cache/kagglehub/datasets/andrewmvd/leukemia-classification/versions/2/C-NMC_Leukemia/training_data/fold_2/all/UID_49_24_3_all.bmp,leukaemia,cnmc,49,reject,0.9999999946545004,0.9999999946545004,0.9999999893144994
/root/.cache/kagglehub/datasets/andrewmvd/leukemia-classification/versions/2/C-NMC_Leukemia/training_data/fold_2/all/UID_78_32_5_all.bmp,leukaemia,cnmc,78,reject,0.9999041197199072,0.9999041197199072,0.9998082438884498
/root/.cache/kagglehub/datasets/andrewmvd/leukemia-classification/versions/2/C-NMC_Leukemia/training_data/fold_0/all/UID_5_27_4_all.bmp,leukaemia,cnmc,5,reject,0.9999940392911582,0.9999940392911582,0.9999880785980371
/root/.cache/kagglehub/datasets/andrewmvd/leukemia-classification/versions/2/C-NMC_Leukemia/training_data/fold_1/all/UID_33_27_1_all.bmp,leukaemia,cnmc,33,reject,0.9999970231568776,0.9999970231568776,0.9999940463420746
/root/.cache/kagglehub/datasets/andrewmvd/leukemia-classification/versions/2/C-NMC_Leukemia/training_data/fold_2/all/UID_18_13_1_all.bmp,leukaemia,cnmc,18,reject,0.954076394965442,0.954076394965442,0.9081527901356697
/root/.cache/kagglehub/datasets/andrewmvd/leukemia-classification/versions/2/C-NMC_Leukemia/training_data/fold_2/all/UID_31_24_1_all.bmp,leukaemia,cnmc,31,reject,0.9999989958763509,0.9999989958763509,0.9999979918359714
/root/.cache/kagglehub/datasets/andrewmvd/leukemia-classification/versions/2/C-NMC_Leukemia/training_data/fold_2/hem/UID_H2_27_2_hem.bmp,leukaemia,cnmc,H2,reject,0.9233255259907854,0.9233255259907854,0.8466510523694455
/root/.cache/kagglehub/datasets/andrewmvd/leukemia-classification/versions/2/C-NMC_Leukemia/training_data/fold_2/hem/UID_H4_4_1_hem.bmp,leukaemia,cnmc,H4,reject,0.9522689817289712,0.9522689817289712,0.9045386928827333
/root/.cache/kagglehub/datasets/andrewmvd/leukemia-classification/versions/2/C-NMC_Leukemia/training_data/fold_1/hem/UID_H14_21_5_hem.bmp,leukaemia,cnmc,H14,reject,0.9999999983355838,0.9999999983355838,0.9999999966725776
/root/.cache/kagglehub/datasets/andrewmvd/leukemia-classification/versions/2/C-NMC_Leukemia/training_data/fold_1/all/UID_16_2_2_all.bmp,leukaemia,cnmc,16,reject,0.9997233554055892,0.9997233554055892,0.9994467108329264
/root/.cache/kagglehub/datasets/andrewmvd/leukemia-classification/versions/2/C-NMC_Leukemia/training_data/fold_1/all/UID_46_17_7_all.bmp,leukaemia,cnmc,46,reject,0.9999967127573011,0.9999967127573011,0.9999934277258061
/root/.cache/kagglehub/datasets/andrewmvd/leukemia-classification/versions/2/C-NMC_Leukemia/training_data/fold_2/all/UID_67_33_12_all.bmp,leukaemia,cnmc,67,reject,0.9999624212109356,0.9999624212109356,0.99992487641306
/root/.cache/kagglehub/datasets/andrewmvd/leukemia-classification/versions/2/C-NMC_Leukemia/training_data/fold_0/all/UID_20_10_2_all.bmp,leukaemia,cnmc,20,reject,0.9993160408852793,0.9993160408852793,0.9986320817992521
/root/.cache/kagglehub/datasets/andrewmvd/leukemia-classification/versions/2/C-NMC_Leukemia/training_data/fold_0/all/UID_26_3_6_all.bmp,leukaemia,cnmc,26,reject,0.9999999900773234,0.9999999900773234,0.9999999801551473
/root/.cache/kagglehub/datasets/andrewmvd/leukemia-classification/versions/2/C-NMC_Leukemia/training_data/fold_2/all/UID_37_15_11_all.bmp,leukaemia,cnmc,37,reject,0.9999964822455975,0.9999964822455975,0.999992964765793
/root/.cache/kagglehub/datasets/andrewmvd/leukemia-classification/versions/2/C-NMC_Leukemia/training_data/fold_1/all/UID_30_27_2_all.bmp,leukaemia,cnmc,30,reject,0.9952954760513695,0.9952954760513695,0.9905909522006611
/root/.cache/kagglehub/datasets/andrewmvd/leukemia-classification/versions/2/C-NMC_Leukemia/training_data/fold_2/hem/UID_H9_13_1_hem.bmp,leukaemia,cnmc,H9,reject,0.9444602201265274,0.9444602201265274,0.8889204408458891
/root/.cache/kagglehub/datasets/andrewmvd/leukemia-classification/versions/2/C-NMC_Leukemia/training_data/fold_0/all/UID_11_2_2_all.bmp,leukaemia,cnmc,11,reject,0.9999881333078127,0.9999881333078127,0.9999762672405952
/root/.cache/kagglehub/datasets/andrewmvd/leukemia-classification/versions/2/C-NMC_Leukemia/training_data/fold_2/all/UID_21_3_2_all.bmp,leukaemia,cnmc,21,reject,0.9902525577275854,0.9902525577275854,0.9805051155315824
/root/.cache/kagglehub/datasets/andrewmvd/leukemia-classification/versions/2/C-NMC_Leukemia/training_data/fold_2/all/UID_27_29_3_all.bmp,leukaemia,cnmc,27,reject,0.9999965961841218,0.9999965961841218,0.9999931923718975
/root/.cache/kagglehub/datasets/andrewmvd/leukemia-classification/versions/2/C-NMC_Leukemia/training_data/fold_0/all/UID_15_22_3_all.bmp,leukaemia,cnmc,15,reject,0.9999982497802686,0.9999982497802686,0.9999964995626774
/root/.cache/kagglehub/datasets/andrewmvd/leukemia-classification/versions/2/C-NMC_Leukemia/training_data/fold_0/all/UID_45_19_2_all.bmp,leukaemia,cnmc,45,reject,0.9862267427896292,0.9862267427896292,0.9724534868151941
/root/.cache/kagglehub/datasets/andrewmvd/leukemia-classification/versions/2/C-NMC_Leukemia/training_data/fold_2/all/UID_13_18_1_all.bmp,leukaemia,cnmc,13,reject,0.9999500983339636,0.9999500983339636,0.9999001966694119
/root/.cache/kagglehub/datasets/andrewmvd/leukemia-classification/versions/2/C-NMC_Leukemia/training_data/fold_0/hem/UID_H12_25_8_hem.bmp,leukaemia,cnmc,H12,reject,0.9999995271114608,0.9999995271114608,0.9999990542363277
/root/.cache/kagglehub/datasets/andrewmvd/leukemia-classification/versions/2/C-NMC_Leukemia/training_data/fold_2/hem/UID_H5_6_3_hem.bmp,leukaemia,cnmc,H5,reject,0.9993056385109156,0.9993056385109156,0.9986112787386997
/root/.cache/kagglehub/datasets/andrewmvd/leukemia-classification/versions/2/C-NMC_Leukemia/training_data/fold_2/hem/UID_H40_14_6_hem.bmp,leukaemia,cnmc,H40,reject,0.9999995305406079,0.9999995305406079,0.9999990610879339
/root/.cache/kagglehub/datasets/andrewmvd/leukemia-classification/versions/2/C-NMC_Leukemia/training_data/fold_0/all/UID_22_31_2_all.bmp,leukaemia,cnmc,22,malaria,0.8400872310193296,0.15991276862236176,0.6801744623969679
/root/.cache/kagglehub/datasets/andrewmvd/leukemia-classification/versions/2/C-NMC_Leukemia/training_data/fold_0/all/UID_19_10_2_all.bmp,leukaemia,cnmc,19,reject,0.9999995315788308,0.9999995315788308,0.9999990633868034
/root/.cache/kagglehub/datasets/andrewmvd/leukemia-classification/versions/2/C-NMC_Leukemia/training_data/fold_2/hem/UID_H13_15_5_hem.bmp,leukaemia,cnmc,H13,reject,0.88558422042216,0.88558422042216,0.771168441086236
/root/.cache/kagglehub/datasets/andrewmvd/leukemia-classification/versions/2/C-NMC_Leukemia/training_data/fold_2/hem/UID_H48_2_5_hem.bmp,leukaemia,cnmc,H48,reject,0.999999999058903,0.999999999058903,0.9999999981723415
/root/.cache/kagglehub/datasets/andrewmvd/leukemia-classification/versions/2/C-NMC_Leukemia/training_data/fold_2/hem/UID_H23_4_13_hem.bmp,leukaemia,cnmc,H23,reject,0.9999992686282371,0.9999992686282371,0.9999985372566569
/root/.cache/kagglehub/datasets/andrewmvd/leukemia-classification/versions/2/C-NMC_Leukemia/training_data/fold_0/all/UID_43_13_1_all.bmp,leukaemia,cnmc,43,reject,0.9785784450129988,0.9785784450129988,0.9571571377186309
/root/.cache/kagglehub/datasets/andrewmvd/leukemia-classification/versions/2/C-NMC_Leukemia/training_data/fold_0/hem/UID_H24_23_7_hem.bmp,leukaemia,cnmc,H24,reject,0.9999999994709878,0.9999999994709878,0.9999999989432965
/root/.cache/kagglehub/datasets/andrewmvd/leukemia-classification/versions/2/C-NMC_Leukemia/training_data/fold_2/all/UID_25_13_2_all.bmp,leukaemia,cnmc,25,reject,0.9999425654883808,0.9999425654883808,0.999885196603731
/root/.cache/kagglehub/datasets/andrewmvd/leukemia-classification/versions/2/C-NMC_Leukemia/training_data/fold_2/all/UID_74_36_1_all.bmp,leukaemia,cnmc,74,malaria,0.9235372095566826,0.07646279021262432,0.8470744193440582
/root/.cache/kagglehub/datasets/andrewmvd/leukemia-classification/versions/2/C-NMC_Leukemia/training_data/fold_0/all/UID_52_30_4_all.bmp,leukaemia,cnmc,52,reject,0.9999961296252545,0.9999961296252545,0.9999922592939134
/root/.cache/kagglehub/datasets/andrewmvd/leukemia-classification/versions/2/C-NMC_Leukemia/training_data/fold_1/all/UID_38_23_4_all.bmp,leukaemia,cnmc,38,reject,0.9914940768892536,0.9914940768892536,0.9829881539907218
/root/.cache/kagglehub/datasets/andrewmvd/leukemia-classification/versions/2/C-NMC_Leukemia/training_data/fold_0/hem/UID_H6_15_1_hem.bmp,leukaemia,cnmc,H6,reject,0.9851305504493262,0.9851305504493262,0.9702611016449747
/root/.cache/kagglehub/datasets/andrewmvd/leukemia-classification/versions/2/C-NMC_Leukemia/training_data/fold_0/all/UID_28_27_1_all.bmp,leukaemia,cnmc,28,reject,0.9999999534640858,0.9999999534640858,0.9999999070003037
/root/.cache/kagglehub/datasets/andrewmvd/leukemia-classification/versions/2/C-NMC_Leukemia/training_data/fold_1/hem/UID_H22_28_10_hem.bmp,leukaemia,cnmc,H22,reject,0.9999997454698739,0.9999997454698739,0.9999994912961429
/root/.cache/kagglehub/datasets/andrewmvd/leukemia-classification/versions/2/C-NMC_Leukemia/training_data/fold_2/hem/UID_H18_16_1_hem.bmp,leukaemia,cnmc,H18,reject,0.9999999890181127,0.9999999890181127,0.9999999780622718
/root/.cache/kagglehub/datasets/andrewmvd/leukemia-classification/versions/2/C-NMC_Leukemia/training_data/fold_2/all/UID_68_30_10_all.bmp,leukaemia,cnmc,68,reject,0.9790279978723084,0.9790279978723084,0.958056002950531
/root/.cache/kagglehub/datasets/andrewmvd/leukemia-classification/versions/2/C-NMC_Leukemia/training_data/fold_0/all/UID_3_4_5_all.bmp,leukaemia,cnmc,3,reject,0.9999998651273079,0.9999998651273079,0.9999997302889945
/root/.cache/kagglehub/datasets/andrewmvd/leukemia-classification/versions/2/C-NMC_Leukemia/training_data/fold_1/all/UID_34_24_2_all.bmp,leukaemia,cnmc,34,reject,0.7471443775322252,0.7471443775322252,0.49428876561367446
/root/.cache/kagglehub/datasets/andrewmvd/leukemia-classification/versions/2/C-NMC_Leukemia/training_data/fold_2/all/UID_47_13_10_all.bmp,leukaemia,cnmc,47,reject,0.9990867896405856,0.9990867896405856,0.9981735813701298
/root/.cache/kagglehub/datasets/andrewmvd/leukemia-classification/versions/2/C-NMC_Leukemia/training_data/fold_0/all/UID_17_13_2_all.bmp,leukaemia,cnmc,17,reject,0.8908982041749659,0.8908982041749659,0.7817964083992175
/root/.cache/kagglehub/datasets/andrewmvd/leukemia-classification/versions/2/C-NMC_Leukemia/training_data/fold_0/all/UID_50_19_1_all.bmp,leukaemia,cnmc,50,reject,0.9999999976440654,0.9999999976440654,0.9999999953119465
/root/.cache/kagglehub/datasets/andrewmvd/leukemia-classification/versions/2/C-NMC_Leukemia/training_data/fold_2/hem/UID_h3_5_1_hem.bmp,leukaemia,cnmc,H3,reject,0.7101604136895239,0.7101604136895239,0.42032082771115953
/root/.cache/kagglehub/datasets/andrewmvd/leukemia-classification/versions/2/C-NMC_Leukemia/training_data/fold_0/all/UID_14_13_2_all.bmp,leukaemia,cnmc,14,reject,0.9999692850723687,0.9999692850723687,0.999938571239459
/root/.cache/kagglehub/datasets/andrewmvd/leukemia-classification/versions/2/C-NMC_Leukemia/training_data/fold_0/hem/UID_H11_15_2_hem.bmp,leukaemia,cnmc,H11,reject,0.9999985915203083,0.9999985915203083,0.9999971841323907
/root/.cache/kagglehub/datasets/andrewmvd/leukemia-classification/versions/2/C-NMC_Leukemia/training_data/fold_2/all/UID_24_8_11_all.bmp,leukaemia,cnmc,24,reject,0.9999999999490123,0.9999999999490123,0.9999999998990424
/root/.cache/kagglehub/datasets/andrewmvd/leukemia-classification/versions/2/C-NMC_Leukemia/training_data/fold_0/hem/UID_H17_13_2_hem.bmp,leukaemia,cnmc,H17,reject,0.9509254584839603,0.9509254584839603,0.9018509170167283
/root/.cache/kagglehub/datasets/andrewmvd/leukemia-classification/versions/2/C-NMC_Leukemia/training_data/fold_1/hem/UID_H10_96_2_hem.bmp,leukaemia,cnmc,H10,reject,0.9906958138647839,0.9906958138647839,0.9813916277961271
/root/.cache/kagglehub/datasets/andrewmvd/leukemia-classification/versions/2/C-NMC_Leukemia/training_data/fold_2/hem/UID_H8_1_1_hem.bmp,leukaemia,cnmc,H8,reject,0.9999901330882283,0.9999901330882283,0.9999802661829816
/root/.cache/kagglehub/datasets/andrewmvd/leukemia-classification/versions/2/C-NMC_Leukemia/training_data/fold_2/all/UID_36_2_2_all.bmp,leukaemia,cnmc,36,reject,0.9999999971776801,0.9999999971776801,0.99999999466952
/root/.cache/kagglehub/datasets/andrewmvd/leukemia-classification/versions/2/C-NMC_Leukemia/training_data/fold_2/all/UID_75_17_1_all.bmp,leukaemia,cnmc,75,reject,0.9665622369222154,0.9665622369222154,0.9331244758232293
/root/.cache/kagglehub/datasets/andrewmvd/leukemia-classification/versions/2/C-NMC_Leukemia/training_data/fold_2/all/UID_72_8_1_all.bmp,leukaemia,cnmc,72,reject,0.9999926307504522,0.9999926307504522,0.9999852617183002
/root/.cache/kagglehub/datasets/andrewmvd/leukemia-classification/versions/2/C-NMC_Leukemia/training_data/fold_2/hem/UID_H1_35_1_hem.bmp,leukaemia,cnmc,H1,reject,0.9861758725949726,0.9861758725949726,0.9723517453525854
/root/.cache/kagglehub/datasets/andrewmvd/leukemia-classification/versions/2/C-NMC_Leukemia/training_data/fold_1/all/UID_32_18_4_all.bmp,leukaemia,cnmc,32,reject,0.9999999036183203,0.9999999036183203,0.9999998073764838
/root/.cache/kagglehub/datasets/andrewmvd/leukemia-classification/versions/2/C-NMC_Leukemia/training_data/fold_0/all/UID_35_15_2_all.bmp,leukaemia,cnmc,35,malaria,0.6330851005789105,0.366914899272903,0.26617020130600755
/root/.cache/kagglehub/datasets/andrewmvd/leukemia-classification/versions/2/C-NMC_Leukemia/training_data/fold_2/hem/UID_H46_12_1_hem.bmp,leukaemia,cnmc,H46,reject,0.9999995418908425,0.9999995418908425,0.9999991946002074
/root/.cache/kagglehub/datasets/andrewmvd/leukemia-classification/versions/2/C-NMC_Leukemia/training_data/fold_0/all/UID_4_23_1_all.bmp,leukaemia,cnmc,4,reject,0.9966693091660317,0.9966693091660317,0.9933386185920314
/root/.cache/kagglehub/datasets/andrewmvd/leukemia-classification/versions/2/C-NMC_Leukemia/training_data/fold_1/all/UID_51_48_5_all.bmp,leukaemia,cnmc,51,reject,0.9980070995614341,0.9980070995614341,0.9960143673726817
/root/.cache/kagglehub/datasets/andrewmvd/leukemia-classification/versions/2/C-NMC_Leukemia/training_data/fold_0/all/UID_1_6_1_all.bmp,leukaemia,cnmc,1,reject,0.9914594049116264,0.9914594049116264,0.9829188149437706
/root/.cache/kagglehub/datasets/andrewmvd/leukemia-classification/versions/2/C-NMC_Leukemia/training_data/fold_1/all/UID_44_4_2_all.bmp,leukaemia,cnmc,44,reject,0.9452134641687555,0.9452134641687555,0.8904269482721529
/root/.cache/kagglehub/datasets/andrewmvd/leukemia-classification/versions/2/C-NMC_Leukemia/training_data/fold_0/all/UID_48_20_8_all.bmp,leukaemia,cnmc,48,reject,0.9973349017209834,0.9973349017209834,0.9946698056258133
/root/.cache/kagglehub/datasets/andrewmvd/leukemia-classification/versions/2/C-NMC_Leukemia/training_data/fold_0/hem/UID_H7_3_1_hem.bmp,leukaemia,cnmc,H7,reject,0.9972631097693128,0.9972631097693128,0.9945262204112949
/root/.cache/kagglehub/datasets/andrewmvd/leukemia-classification/versions/2/C-NMC_Leukemia/training_data/fold_0/hem/UID_H16_29_2_hem.bmp,leukaemia,cnmc,H16,reject,0.9999917721407726,0.9999917721407726,0.9999835445238289
/root/.cache/kagglehub/datasets/andrewmvd/leukemia-classification/versions/2/C-NMC_Leukemia/training_data/fold_1/all/UID_2_6_3_all.bmp,leukaemia,cnmc,2,reject,0.9974978932103781,0.9974978932103781,0.9949957866890637
/root/.cache/kagglehub/datasets/andrewmvd/leukemia-classification/versions/2/C-NMC_Leukemia/training_data/fold_0/hem/UID_H19_32_1_hem.bmp,leukaemia,cnmc,H19,reject,0.9999999999956546,0.9999999999956546,0.9999999999921263
/root/.cache/kagglehub/datasets/andrewmvd/leukemia-classification/versions/2/C-NMC_Leukemia/training_data/fold_0/hem/UID_H15_1_3_hem.bmp,leukaemia,cnmc,H15,reject,0.9956357517772755,0.9956357517772755,0.991271504240262
/root/.cache/kagglehub/datasets/andrewmvd/leukemia-classification/versions/2/C-NMC_Leukemia/training_data/fold_2/hem/UID_H20_2_4_hem.bmp,leukaemia,cnmc,H20,reject,0.9999981317940806,0.9999981317940806,0.9999962636060095
/root/.cache/kagglehub/datasets/andrewmvd/leukemia-classification/versions/2/C-NMC_Leukemia/training_data/fold_1/all/UID_23_31_3_all.bmp,leukaemia,cnmc,23,reject,0.9999999387463347,0.9999999387463347,0.9999998777621683
/root/.cache/kagglehub/datasets/andrewmvd/leukemia-classification/versions/2/C-NMC_Leukemia/training_data/fold_2/all/UID_49_15_1_all.bmp,leukaemia,cnmc,49,reject,0.9930300187616109,0.9930300187616109,0.9860600382391912
/root/.cache/kagglehub/datasets/andrewmvd/leukemia-classification/versions/2/C-NMC_Leukemia/training_data/fold_2/all/UID_78_6_1_all.bmp,leukaemia,cnmc,78,reject,0.9999972793685519,0.9999972793685519,0.9999945593619906
/root/.cache/kagglehub/datasets/andrewmvd/leukemia-classification/versions/2/C-NMC_Leukemia/training_data/fold_0/all/UID_5_1_2_all.bmp,leukaemia,cnmc,5,reject,0.9999802246145304,0.9999802246145304,0.9999604492327087
/root/.cache/kagglehub/datasets/andrewmvd/leukemia-classification/versions/2/C-NMC_Leukemia/training_data/fold_1/all/UID_33_30_4_all.bmp,leukaemia,cnmc,33,reject,0.9946542050766078,0.9946542050766078,0.9893084555964169
/root/.cache/kagglehub/datasets/andrewmvd/leukemia-classification/versions/2/C-NMC_Leukemia/training_data/fold_2/all/UID_18_38_2_all.bmp,leukaemia,cnmc,18,reject,0.9999995086616722,0.9999995086616722,0.9999990173305134
/root/.cache/kagglehub/datasets/andrewmvd/leukemia-classification/versions/2/C-NMC_Leukemia/training_data/fold_2/all/UID_31_25_2_all.bmp,leukaemia,cnmc,31,reject,0.9995944961044906,0.9995944961044906,0.9991889947663694
/root/.cache/kagglehub/datasets/andrewmvd/leukemia-classification/versions/2/C-NMC_Leukemia/training_data/fold_2/hem/UID_H2_34_1_hem.bmp,leukaemia,cnmc,H2,reject,0.9936254937461906,0.9936254937461906,0.9872509875910962
/root/.cache/kagglehub/datasets/andrewmvd/leukemia-classification/versions/2/C-NMC_Leukemia/training_data/fold_2/hem/UID_H4_3_1_hem.bmp,leukaemia,cnmc,H4,malaria,0.8611527290579125,0.1388472709296,0.7223054581283125
/root/.cache/kagglehub/datasets/andrewmvd/leukemia-classification/versions/2/C-NMC_Leukemia/training_data/fold_1/hem/UID_H14_35_9_hem.bmp,leukaemia,cnmc,H14,reject,0.9998188004920922,0.9998188004920922,0.9996376009925007
/root/.cache/kagglehub/datasets/andrewmvd/leukemia-classification/versions/2/C-NMC_Leukemia/training_data/fold_1/all/UID_16_6_1_all.bmp,leukaemia,cnmc,16,reject,0.9992589346997903,0.9992589346997903,0.9985178694578308
/root/.cache/kagglehub/datasets/andrewmvd/leukemia-classification/versions/2/C-NMC_Leukemia/training_data/fold_1/all/UID_46_33_4_all.bmp,leukaemia,cnmc,46,reject,0.9999999775252136,0.9999999775252136,0.9999999551059049
/root/.cache/kagglehub/datasets/andrewmvd/leukemia-classification/versions/2/C-NMC_Leukemia/training_data/fold_2/all/UID_67_7_2_all.bmp,leukaemia,cnmc,67,reject,0.9571912961440222,0.9571912961440222,0.9143826166252527
/root/.cache/kagglehub/datasets/andrewmvd/leukemia-classification/versions/2/C-NMC_Leukemia/training_data/fold_0/all/UID_20_13_5_all.bmp,leukaemia,cnmc,20,reject,0.9999947923484157,0.9999947923484157,0.9999895854410641
/root/.cache/kagglehub/datasets/andrewmvd/leukemia-classification/versions/2/C-NMC_Leukemia/training_data/fold_0/all/UID_26_35_1_all.bmp,leukaemia,cnmc,26,reject,0.999999954474199,0.999999954474199,0.9999999089694338
/root/.cache/kagglehub/datasets/andrewmvd/leukemia-classification/versions/2/C-NMC_Leukemia/training_data/fold_2/all/UID_37_11_18_all.bmp,leukaemia,cnmc,37,malaria,0.8001434013583462,0.19985659839606518,0.600286802962281
/root/.cache/kagglehub/datasets/andrewmvd/leukemia-classification/versions/2/C-NMC_Leukemia/training_data/fold_1/all/UID_30_5_7_all.bmp,leukaemia,cnmc,30,reject,0.9999963888289828,0.9999963888289828,0.9999927776691186
/root/.cache/kagglehub/datasets/andrewmvd/leukemia-classification/versions/2/C-NMC_Leukemia/training_data/fold_2/hem/UID_H9_6_1_hem.bmp,leukaemia,cnmc,H9,reject,0.9999224980861077,0.9999224980861077,0.9998450047848281
/root/.cache/kagglehub/datasets/andrewmvd/leukemia-classification/versions/2/C-NMC_Leukemia/training_data/fold_0/all/UID_11_22_1_all.bmp,leukaemia,cnmc,11,malaria,0.949471788880151,0.05052821109501016,0.8989435777851409
/root/.cache/kagglehub/datasets/andrewmvd/leukemia-classification/versions/2/C-NMC_Leukemia/training_data/fold_2/all/UID_21_37_3_all.bmp,leukaemia,cnmc,21,reject,0.9999971625312697,0.9999971625312697,0.9999943250742779
/root/.cache/kagglehub/datasets/andrewmvd/leukemia-classification/versions/2/C-NMC_Leukemia/training_data/fold_2/all/UID_27_7_2_all.bmp,leukaemia,cnmc,27,reject,0.9999999997561584,0.9999999997561584,0.9999999995124961
/root/.cache/kagglehub/datasets/andrewmvd/leukemia-classification/versions/2/C-NMC_Leukemia/training_data/fold_0/all/UID_15_3_1_all.bmp,leukaemia,cnmc,15,reject,0.9999962203169984,0.9999962203169984,0.9999924436466994
/root/.cache/kagglehub/datasets/andrewmvd/leukemia-classification/versions/2/C-NMC_Leukemia/training_data/fold_0/all/UID_45_22_3_all.bmp,leukaemia,cnmc,45,reject,0.9999943870950475,0.9999943870950475,0.999988774325552
/root/.cache/kagglehub/datasets/andrewmvd/leukemia-classification/versions/2/C-NMC_Leukemia/training_data/fold_2/all/UID_13_38_2_all.bmp,leukaemia,cnmc,13,reject,0.9841418803605505,0.9841418803605505,0.9682837621791169
/root/.cache/kagglehub/datasets/andrewmvd/leukemia-classification/versions/2/C-NMC_Leukemia/training_data/fold_0/hem/UID_H12_5_5_hem.bmp,leukaemia,cnmc,H12,reject,0.9999999747994262,0.9999999747994262,0.9999999497028477
/root/.cache/kagglehub/datasets/andrewmvd/leukemia-classification/versions/2/C-NMC_Leukemia/training_data/fold_2/hem/UID_H5_1_1_hem.bmp,leukaemia,cnmc,H5,reject,0.9993720285686944,0.9993720285686944,0.9987440571445223
/root/.cache/kagglehub/datasets/andrewmvd/leukemia-classification/versions/2/C-NMC_Leukemia/training_data/fold_2/hem/UID_H40_13_2_hem.bmp,leukaemia,cnmc,H40,reject,0.9999844070394099,0.9999844070394099,0.9999688144733773
/root/.cache/kagglehub/datasets/andrewmvd/leukemia-classification/versions/2/C-NMC_Leukemia/training_data/fold_0/all/UID_22_9_3_all.bmp,leukaemia,cnmc,22,reject,0.8745626666382261,0.8745626666382261,0.7491253337100613
/root/.cache/kagglehub/datasets/andrewmvd/leukemia-classification/versions/2/C-NMC_Leukemia/training_data/fold_0/all/UID_19_7_3_all.bmp,leukaemia,cnmc,19,reject,0.9999986549318667,0.9999986549318667,0.9999973100653661
/root/.cache/kagglehub/datasets/andrewmvd/leukemia-classification/versions/2/C-NMC_Leukemia/training_data/fold_2/hem/UID_H13_35_1_hem.bmp,leukaemia,cnmc,H13,reject,0.9997735762924873,0.9997735762924873,0.9995471530291874
/root/.cache/kagglehub/datasets/andrewmvd/leukemia-classification/versions/2/C-NMC_Leukemia/training_data/fold_2/hem/UID_H48_6_2_hem.bmp,leukaemia,cnmc,H48,reject,0.9999999999906206,0.9999999999906206,0.9999999999848564
/root/.cache/kagglehub/datasets/andrewmvd/leukemia-classification/versions/2/C-NMC_Leukemia/training_data/fold_2/hem/UID_H23_8_4_hem.bmp,leukaemia,cnmc,H23,reject,0.9998147149993728,0.9998147149993728,0.9996294303997602
/root/.cache/kagglehub/datasets/andrewmvd/leukemia-classification/versions/2/C-NMC_Leukemia/training_data/fold_0/all/UID_43_6_4_all.bmp,leukaemia,cnmc,43,reject,0.989627982064888,0.989627982064888,0.9792559642129975
/root/.cache/kagglehub/datasets/andrewmvd/leukemia-classification/versions/2/C-NMC_Leukemia/training_data/fold_0/hem/UID_H24_3_7_hem.bmp,leukaemia,cnmc,H24,reject,0.9999958699099412,0.9999958699099412,0.9999917398343603
/root/.cache/kagglehub/datasets/andrewmvd/leukemia-classification/versions/2/C-NMC_Leukemia/training_data/fold_2/all/UID_25_20_2_all.bmp,leukaemia,cnmc,25,reject,0.9999992781045617,0.9999992781045617,0.9999985562116979
/root/.cache/kagglehub/datasets/andrewmvd/leukemia-classification/versions/2/C-NMC_Leukemia/training_data/fold_2/all/UID_74_21_1_all.bmp,leukaemia,cnmc,74,reject,0.8096345572449816,0.8096345572449816,0.6192691152894085
/root/.cache/kagglehub/datasets/andrewmvd/leukemia-classification/versions/2/C-NMC_Leukemia/training_data/fold_0/all/UID_52_18_9_all.bmp,leukaemia,cnmc,52,reject,0.9999993894293011,0.9999993894293011,0.9999987788979863
/root/.cache/kagglehub/datasets/andrewmvd/leukemia-classification/versions/2/C-NMC_Leukemia/training_data/fold_1/all/UID_38_20_3_all.bmp,leukaemia,cnmc,38,reject,0.6391526198045314,0.6391526198045314,0.27830524342991775
/root/.cache/kagglehub/datasets/andrewmvd/leukemia-classification/versions/2/C-NMC_Leukemia/training_data/fold_0/hem/UID_H6_4_1_hem.bmp,leukaemia,cnmc,H6,malaria,0.7666542620758896,0.233345737740146,0.5333085243357436
/root/.cache/kagglehub/datasets/andrewmvd/leukemia-classification/versions/2/C-NMC_Leukemia/training_data/fold_0/all/UID_28_29_2_all.bmp,leukaemia,cnmc,28,reject,0.9999995309299292,0.9999995309299292,0.9999990618684378
/root/.cache/kagglehub/datasets/andrewmvd/leukemia-classification/versions/2/C-NMC_Leukemia/training_data/fold_1/hem/UID_H22_12_1_hem.bmp,leukaemia,cnmc,H22,reject,0.9995947873258102,0.9995947873258102,0.9991895753023537
/root/.cache/kagglehub/datasets/andrewmvd/leukemia-classification/versions/2/C-NMC_Leukemia/training_data/fold_2/hem/UID_H18_11_2_hem.bmp,leukaemia,cnmc,H18,reject,0.999999999849013,0.999999999849013,0.9999999997168533
/root/.cache/kagglehub/datasets/andrewmvd/leukemia-classification/versions/2/C-NMC_Leukemia/training_data/fold_2/all/UID_68_29_6_all.bmp,leukaemia,cnmc,68,reject,0.999661890854564,0.999661890854564,0.999323782809065
/root/.cache/kagglehub/datasets/andrewmvd/leukemia-classification/versions/2/C-NMC_Leukemia/training_data/fold_0/all/UID_3_4_1_all.bmp,leukaemia,cnmc,3,reject,0.9999999998204991,0.9999999998204991,0.9999999996414295
/root/.cache/kagglehub/datasets/andrewmvd/leukemia-classification/versions/2/C-NMC_Leukemia/training_data/fold_1/all/UID_34_16_1_all.bmp,leukaemia,cnmc,34,reject,0.9999697372673304,0.9999697372673304,0.9999394770145303
/root/.cache/kagglehub/datasets/andrewmvd/leukemia-classification/versions/2/C-NMC_Leukemia/training_data/fold_2/all/UID_47_4_1_all.bmp,leukaemia,cnmc,47,reject,0.9999490851421715,0.9999490851421715,0.999898170395971
/root/.cache/kagglehub/datasets/andrewmvd/leukemia-classification/versions/2/C-NMC_Leukemia/training_data/fold_0/all/UID_17_34_1_all.bmp,leukaemia,cnmc,17,reject,0.9999999866017328,0.9999999866017328,0.9999999736535704
/root/.cache/kagglehub/datasets/andrewmvd/leukemia-classification/versions/2/C-NMC_Leukemia/training_data/fold_0/all/UID_50_5_2_all.bmp,leukaemia,cnmc,50,malaria,0.7137673874802991,0.2862326120291919,0.4275347754511072
/root/.cache/kagglehub/datasets/andrewmvd/leukemia-classification/versions/2/C-NMC_Leukemia/training_data/fold_2/hem/UID_h3_27_1_hem.bmp,leukaemia,cnmc,H3,reject,0.9842132949274409,0.9842132949274409,0.9684265899882285
/root/.cache/kagglehub/datasets/andrewmvd/leukemia-classification/versions/2/C-NMC_Leukemia/training_data/fold_0/all/UID_14_29_1_all.bmp,leukaemia,cnmc,14,reject,0.9980098800923195,0.9980098800923195,0.9960197603987926
/root/.cache/kagglehub/datasets/andrewmvd/leukemia-classification/versions/2/C-NMC_Leukemia/training_data/fold_0/hem/UID_H11_17_1_hem.bmp,leukaemia,cnmc,H11,reject,0.6963688470018927,0.6963688470018927,0.392737694105489
/root/.cache/kagglehub/datasets/andrewmvd/leukemia-classification/versions/2/C-NMC_Leukemia/training_data/fold_2/all/UID_24_16_3_all.bmp,leukaemia,cnmc,24,reject,0.9950715362159868,0.9950715362159868,0.990143072558749
/root/.cache/kagglehub/datasets/andrewmvd/leukemia-classification/versions/2/C-NMC_Leukemia/training_data/fold_0/hem/UID_H17_29_3_hem.bmp,leukaemia,cnmc,H17,reject,0.9970661467243042,0.9970661467243042,0.9941322934786753
/root/.cache/kagglehub/datasets/andrewmvd/leukemia-classification/versions/2/C-NMC_Leukemia/training_data/fold_1/hem/UID_H10_65_3_hem.bmp,leukaemia,cnmc,H10,malaria,0.5858116249380964,0.4141883749137219,0.17162325002437445
/root/.cache/kagglehub/datasets/andrewmvd/leukemia-classification/versions/2/C-NMC_Leukemia/training_data/fold_2/hem/UID_H8_2_3_hem.bmp,leukaemia,cnmc,H8,reject,0.9990330987451784,0.9990330987451784,0.9980661976844349
/root/.cache/kagglehub/datasets/andrewmvd/leukemia-classification/versions/2/C-NMC_Leukemia/training_data/fold_2/all/UID_36_5_4_all.bmp,leukaemia,cnmc,36,reject,0.9983311071997262,0.9983311071997262,0.9966622148861729
/root/.cache/kagglehub/datasets/andrewmvd/leukemia-classification/versions/2/C-NMC_Leukemia/training_data/fold_2/all/UID_75_9_2_all.bmp,leukaemia,cnmc,75,reject,0.9999727267809864,0.9999727267809864,0.9999454681240395
/root/.cache/kagglehub/datasets/andrewmvd/leukemia-classification/versions/2/C-NMC_Leukemia/training_data/fold_2/all/UID_72_3_2_all.bmp,leukaemia,cnmc,72,reject,0.9952505461394546,0.9952505461394546,0.9905010936235786
/root/.cache/kagglehub/datasets/andrewmvd/leukemia-classification/versions/2/C-NMC_Leukemia/training_data/fold_2/hem/UID_H1_25_1_hem.bmp,leukaemia,cnmc,H1,reject,0.9998372598193445,0.9998372598193445,0.999674526900582
/root/.cache/kagglehub/datasets/andrewmvd/leukemia-classification/versions/2/C-NMC_Leukemia/training_data/fold_1/all/UID_32_20_1_all.bmp,leukaemia,cnmc,32,reject,0.9997172630753884,0.9997172630753884,0.9994345788202884
/root/.cache/kagglehub/datasets/andrewmvd/leukemia-classification/versions/2/C-NMC_Leukemia/training_data/fold_0/all/UID_35_16_8_all.bmp,leukaemia,cnmc,35,reject,0.9997694527617734,0.9997694527617734,0.9995389055758824
/root/.cache/kagglehub/datasets/andrewmvd/leukemia-classification/versions/2/C-NMC_Leukemia/training_data/fold_2/hem/UID_H46_1_2_hem.bmp,leukaemia,cnmc,H46,reject,0.9999534716731431,0.9999534716731431,0.9999069433804909
/root/.cache/kagglehub/datasets/andrewmvd/leukemia-classification/versions/2/C-NMC_Leukemia/training_data/fold_0/all/UID_4_13_2_all.bmp,leukaemia,cnmc,4,reject,0.995520671497712,0.995520671497712,0.9910413430441237
/root/.cache/kagglehub/datasets/andrewmvd/leukemia-classification/versions/2/C-NMC_Leukemia/training_data/fold_1/all/UID_51_28_1_all.bmp,leukaemia,cnmc,51,reject,0.8030621144649562,0.8030621144649562,0.6061243703608354
/root/.cache/kagglehub/datasets/andrewmvd/leukemia-classification/versions/2/C-NMC_Leukemia/training_data/fold_0/all/UID_1_11_1_all.bmp,leukaemia,cnmc,1,reject,0.9999997936936432,0.9999997936936432,0.9999995874119488
/root/.cache/kagglehub/datasets/andrewmvd/leukemia-classification/versions/2/C-NMC_Leukemia/training_data/fold_1/all/UID_44_16_3_all.bmp,leukaemia,cnmc,44,reject,0.9924725525097207,0.9924725525097207,0.9849451093421984
/root/.cache/kagglehub/datasets/andrewmvd/leukemia-classification/versions/2/C-NMC_Leukemia/training_data/fold_0/all/UID_48_2_10_all.bmp,leukaemia,cnmc,48,reject,0.9888631331781298,0.9888631331781298,0.9777262664799314
/root/.cache/kagglehub/datasets/andrewmvd/leukemia-classification/versions/2/C-NMC_Leukemia/training_data/fold_0/hem/UID_H7_8_1_hem.bmp,leukaemia,cnmc,H7,reject,0.9999998465616278,0.9999998465616278,0.9999996931415831
/root/.cache/kagglehub/datasets/andrewmvd/leukemia-classification/versions/2/C-NMC_Leukemia/training_data/fold_0/hem/UID_H16_32_1_hem.bmp,leukaemia,cnmc,H16,reject,0.999999671151353,0.999999671151353,0.9999993426944931
/root/.cache/kagglehub/datasets/andrewmvd/leukemia-classification/versions/2/C-NMC_Leukemia/training_data/fold_1/all/UID_2_2_1_all.bmp,leukaemia,cnmc,2,reject,0.9994649975710396,0.9994649975710396,0.9989299951987456
/root/.cache/kagglehub/datasets/andrewmvd/leukemia-classification/versions/2/C-NMC_Leukemia/training_data/fold_0/hem/UID_H19_7_3_hem.bmp,leukaemia,cnmc,H19,reject,0.9999996757771245,0.9999996757771245,0.9999993517770008
/root/.cache/kagglehub/datasets/andrewmvd/leukemia-classification/versions/2/C-NMC_Leukemia/training_data/fold_0/hem/UID_H15_15_5_hem.bmp,leukaemia,cnmc,H15,malaria,0.8623517826590534,0.137648217293787,0.7247035653652665
/root/.cache/kagglehub/datasets/andrewmvd/leukemia-classification/versions/2/C-NMC_Leukemia/training_data/fold_2/hem/UID_H20_35_1_hem.bmp,leukaemia,cnmc,H20,reject,0.9999999987958605,0.9999999987958605,0.9999999976464429
/root/.cache/kagglehub/datasets/andrewmvd/leukemia-classification/versions/2/C-NMC_Leukemia/training_data/fold_1/all/UID_23_10_1_all.bmp,leukaemia,cnmc,23,reject,0.999998500121137,0.999998500121137,0.9999970002439346
/root/.cache/kagglehub/datasets/andrewmvd/leukemia-classification/versions/2/C-NMC_Leukemia/training_data/fold_2/all/UID_49_18_2_all.bmp,leukaemia,cnmc,49,reject,0.9998571888249118,0.9998571888249118,0.9997143776646223
/root/.cache/kagglehub/datasets/andrewmvd/leukemia-classification/versions/2/C-NMC_Leukemia/training_data/fold_2/all/UID_78_36_2_all.bmp,leukaemia,cnmc,78,reject,0.9999998444238443,0.9999998444238443,0.9999996888790957
/root/.cache/kagglehub/datasets/andrewmvd/leukemia-classification/versions/2/C-NMC_Leukemia/training_data/fold_0/all/UID_5_21_2_all.bmp,leukaemia,cnmc,5,reject,0.9999999942659701,0.9999999942659701,0.9999999896809844
/root/.cache/kagglehub/datasets/andrewmvd/leukemia-classification/versions/2/C-NMC_Leukemia/training_data/fold_1/all/UID_33_2_1_all.bmp,leukaemia,cnmc,33,reject,0.9999498508120587,0.9999498508120587,0.9998997016272612
/root/.cache/kagglehub/datasets/andrewmvd/leukemia-classification/versions/2/C-NMC_Leukemia/training_data/fold_2/all/UID_18_20_4_all.bmp,leukaemia,cnmc,18,reject,0.9995581299879145,0.9995581299879145,0.9991162600358066
/root/.cache/kagglehub/datasets/andrewmvd/leukemia-classification/versions/2/C-NMC_Leukemia/training_data/fold_2/all/UID_31_8_1_all.bmp,leukaemia,cnmc,31,reject,0.9999994457075146,0.9999994457075146,0.9999988917075238
/root/.cache/kagglehub/datasets/andrewmvd/leukemia-classification/versions/2/C-NMC_Leukemia/training_data/fold_2/hem/UID_H2_42_1_hem.bmp,leukaemia,cnmc,H2,reject,0.9999993822132425,0.9999993822132425,0.9999987644409128
/root/.cache/kagglehub/datasets/andrewmvd/leukemia-classification/versions/2/C-NMC_Leukemia/training_data/fold_2/hem/UID_H4_6_1_hem.bmp,leukaemia,cnmc,H4,malaria,0.6814824082402291,0.31851758504325367,0.36296482319697543
/root/.cache/kagglehub/datasets/andrewmvd/leukemia-classification/versions/2/C-NMC_Leukemia/training_data/fold_1/hem/UID_H14_16_10_hem.bmp,leukaemia,cnmc,H14,reject,0.9997295816209654,0.9997295816209654,0.9994591704208401
/root/.cache/kagglehub/datasets/andrewmvd/leukemia-classification/versions/2/C-NMC_Leukemia/training_data/fold_1/all/UID_16_15_1_all.bmp,leukaemia,cnmc,16,reject,0.9843553798054216,0.9843553798054216,0.9687107596639737
/root/.cache/kagglehub/datasets/andrewmvd/leukemia-classification/versions/2/C-NMC_Leukemia/training_data/fold_1/all/UID_46_22_1_all.bmp,leukaemia,cnmc,46,reject,0.9998726603552217,0.9998726603552217,0.9997453301718758
/root/.cache/kagglehub/datasets/andrewmvd/leukemia-classification/versions/2/C-NMC_Leukemia/training_data/fold_2/all/UID_67_10_3_all.bmp,leukaemia,cnmc,67,reject,0.9999658406845878,0.9999658406845878,0.9999316816158825
/root/.cache/kagglehub/datasets/andrewmvd/leukemia-classification/versions/2/C-NMC_Leukemia/training_data/fold_0/all/UID_20_38_3_all.bmp,leukaemia,cnmc,20,reject,0.9770367376163597,0.9770367376163597,0.9540734753132779
/root/.cache/kagglehub/datasets/andrewmvd/leukemia-classification/versions/2/C-NMC_Leukemia/training_data/fold_0/all/UID_26_5_3_all.bmp,leukaemia,cnmc,26,reject,0.9999950962947816,0.9999950962947816,0.9999901925957186
/root/.cache/kagglehub/datasets/andrewmvd/leukemia-classification/versions/2/C-NMC_Leukemia/training_data/fold_2/all/UID_37_23_3_all.bmp,leukaemia,cnmc,37,reject,0.9999955578721743,0.9999955578721743,0.9999911158743201
/root/.cache/kagglehub/datasets/andrewmvd/leukemia-classification/versions/2/C-NMC_Leukemia/training_data/fold_1/all/UID_30_7_5_all.bmp,leukaemia,cnmc,30,reject,0.9999999993978212,0.9999999993978212,0.9999999988094815
/root/.cache/kagglehub/datasets/andrewmvd/leukemia-classification/versions/2/C-NMC_Leukemia/training_data/fold_2/hem/UID_H9_10_1_hem.bmp,leukaemia,cnmc,H9,reject,0.538997975608298,0.538997975608298,0.07799595145191784
/root/.cache/kagglehub/datasets/andrewmvd/leukemia-classification/versions/2/C-NMC_Leukemia/training_data/fold_0/all/UID_11_23_2_all.bmp,leukaemia,cnmc,11,reject,0.999855492046747,0.999855492046747,0.999710985962761
/root/.cache/kagglehub/datasets/andrewmvd/leukemia-classification/versions/2/C-NMC_Leukemia/training_data/fold_2/all/UID_21_10_6_all.bmp,leukaemia,cnmc,21,reject,0.9999964131370666,0.9999964131370666,0.9999928262752977
/root/.cache/kagglehub/datasets/andrewmvd/leukemia-classification/versions/2/C-NMC_Leukemia/training_data/fold_2/all/UID_27_16_4_all.bmp,leukaemia,cnmc,27,malaria,0.9998202761875273,0.0001797238111463888,0.9996405523763809
/root/.cache/kagglehub/datasets/andrewmvd/leukemia-classification/versions/2/C-NMC_Leukemia/training_data/fold_0/all/UID_15_8_1_all.bmp,leukaemia,cnmc,15,reject,0.983844035435954,0.983844035435954,0.9676880713614949
/root/.cache/kagglehub/datasets/andrewmvd/leukemia-classification/versions/2/C-NMC_Leukemia/training_data/fold_0/all/UID_45_25_5_all.bmp,leukaemia,cnmc,45,reject,0.9841292726070574,0.9841292726070574,0.9682586071200989
/root/.cache/kagglehub/datasets/andrewmvd/leukemia-classification/versions/2/C-NMC_Leukemia/training_data/fold_2/all/UID_13_14_4_all.bmp,leukaemia,cnmc,13,reject,0.9999975689930748,0.9999975689930748,0.9999951380371778
/root/.cache/kagglehub/datasets/andrewmvd/leukemia-classification/versions/2/C-NMC_Leukemia/training_data/fold_0/hem/UID_H12_23_1_hem.bmp,leukaemia,cnmc,H12,reject,0.9999886991019648,0.9999886991019648,0.9999773982103453
/root/.cache/kagglehub/datasets/andrewmvd/leukemia-classification/versions/2/C-NMC_Leukemia/training_data/fold_2/hem/UID_H5_10_3_hem.bmp,leukaemia,cnmc,H5,reject,0.9954138134614441,0.9954138134614441,0.9908276273300856
/root/.cache/kagglehub/datasets/andrewmvd/leukemia-classification/versions/2/C-NMC_Leukemia/training_data/fold_2/hem/UID_H40_9_7_hem.bmp,leukaemia,cnmc,H40,reject,0.9999963094711116,0.9999963094711116,0.9999926190228217
/root/.cache/kagglehub/datasets/andrewmvd/leukemia-classification/versions/2/C-NMC_Leukemia/training_data/fold_0/all/UID_22_35_4_all.bmp,leukaemia,cnmc,22,reject,0.999996244913238,0.999996244913238,0.999992489857142
/root/.cache/kagglehub/datasets/andrewmvd/leukemia-classification/versions/2/C-NMC_Leukemia/training_data/fold_0/all/UID_19_8_1_all.bmp,leukaemia,cnmc,19,reject,0.9999999409354091,0.9999999409354091,0.9999998835526231
/root/.cache/kagglehub/datasets/andrewmvd/leukemia-classification/versions/2/C-NMC_Leukemia/training_data/fold_2/hem/UID_H13_28_1_hem.bmp,leukaemia,cnmc,H13,reject,0.9996340534232238,0.9996340534232238,0.9992681089200157
/root/.cache/kagglehub/datasets/andrewmvd/leukemia-classification/versions/2/C-NMC_Leukemia/training_data/fold_2/hem/UID_H48_9_2_hem.bmp,leukaemia,cnmc,H48,reject,0.99999998896151,0.99999998896151,0.9999999779982737
/root/.cache/kagglehub/datasets/andrewmvd/leukemia-classification/versions/2/C-NMC_Leukemia/training_data/fold_2/hem/UID_H23_24_9_hem.bmp,leukaemia,cnmc,H23,reject,0.9739886243489708,0.9739886243489708,0.9479772490977759
/root/.cache/kagglehub/datasets/andrewmvd/leukemia-classification/versions/2/C-NMC_Leukemia/training_data/fold_0/all/UID_43_10_3_all.bmp,leukaemia,cnmc,43,malaria,0.9802785402060211,0.01972145784468595,0.9605570823613352
/root/.cache/kagglehub/datasets/andrewmvd/leukemia-classification/versions/2/C-NMC_Leukemia/training_data/fold_0/hem/UID_H24_3_9_hem.bmp,leukaemia,cnmc,H24,reject,0.9999999953922714,0.9999999953922714,0.99999999148625
/root/.cache/kagglehub/datasets/andrewmvd/leukemia-classification/versions/2/C-NMC_Leukemia/training_data/fold_2/all/UID_25_23_5_all.bmp,leukaemia,cnmc,25,reject,0.9999936164277321,0.9999936164277321,0.999987232967037
/root/.cache/kagglehub/datasets/andrewmvd/leukemia-classification/versions/2/C-NMC_Leukemia/training_data/fold_2/all/UID_74_1_2_all.bmp,leukaemia,cnmc,74,reject,0.9934782343508234,0.9934782343508234,0.9869564770081615
/root/.cache/kagglehub/datasets/andrewmvd/leukemia-classification/versions/2/C-NMC_Leukemia/training_data/fold_0/all/UID_52_36_4_all.bmp,leukaemia,cnmc,52,reject,0.9986854838779692,0.9986854838779692,0.9973709697481573
/root/.cache/kagglehub/datasets/andrewmvd/leukemia-classification/versions/2/C-NMC_Leukemia/training_data/fold_1/all/UID_38_5_6_all.bmp,leukaemia,cnmc,38,reject,0.9999994285696613,0.9999994285696613,0.9999988585611971
/root/.cache/kagglehub/datasets/andrewmvd/leukemia-classification/versions/2/C-NMC_Leukemia/training_data/fold_0/hem/UID_H6_10_2_hem.bmp,leukaemia,cnmc,H6,reject,0.9999417226946938,0.9999417226946938,0.9998834505777405
/root/.cache/kagglehub/datasets/andrewmvd/leukemia-classification/versions/2/C-NMC_Leukemia/training_data/fold_0/all/UID_28_8_3_all.bmp,leukaemia,cnmc,28,reject,0.9999992268916069,0.9999992268916069,0.9999984538419529
/root/.cache/kagglehub/datasets/andrewmvd/leukemia-classification/versions/2/C-NMC_Leukemia/training_data/fold_1/hem/UID_H22_29_10_hem.bmp,leukaemia,cnmc,H22,reject,0.9999989825486131,0.9999989825486131,0.9999979651033508
/root/.cache/kagglehub/datasets/andrewmvd/leukemia-classification/versions/2/C-NMC_Leukemia/training_data/fold_2/hem/UID_H18_6_2_hem.bmp,leukaemia,cnmc,H18,reject,0.9999999893710717,0.9999999893710717,0.9999999787422513
/root/.cache/kagglehub/datasets/andrewmvd/leukemia-classification/versions/2/C-NMC_Leukemia/training_data/fold_2/all/UID_68_25_1_all.bmp,leukaemia,cnmc,68,reject,0.5484660073675615,0.5484660073675615,0.09693201521527178
/root/.cache/kagglehub/datasets/andrewmvd/leukemia-classification/versions/2/C-NMC_Leukemia/training_data/fold_0/all/UID_3_4_6_all.bmp,leukaemia,cnmc,3,reject,0.9999999243195201,0.9999999243195201,0.9999998489527647
/root/.cache/kagglehub/datasets/andrewmvd/leukemia-classification/versions/2/C-NMC_Leukemia/training_data/fold_1/all/UID_34_30_2_all.bmp,leukaemia,cnmc,34,reject,0.9971622810141253,0.9971622810141253,0.994324569581597
/root/.cache/kagglehub/datasets/andrewmvd/leukemia-classification/versions/2/C-NMC_Leukemia/training_data/fold_2/all/UID_47_29_14_all.bmp,leukaemia,cnmc,47,reject,0.9999996952398152,0.9999996952398152,0.9999993905324761
/root/.cache/kagglehub/datasets/andrewmvd/leukemia-classification/versions/2/C-NMC_Leukemia/training_data/fold_0/all/UID_17_28_2_all.bmp,leukaemia,cnmc,17,reject,0.9999093585873042,0.9999093585873042,0.999818718157116
/root/.cache/kagglehub/datasets/andrewmvd/leukemia-classification/versions/2/C-NMC_Leukemia/training_data/fold_0/all/UID_50_18_2_all.bmp,leukaemia,cnmc,50,reject,0.9999992960701619,0.9999992960701619,0.9999985952044305
/root/.cache/kagglehub/datasets/andrewmvd/leukemia-classification/versions/2/C-NMC_Leukemia/training_data/fold_2/hem/UID_h3_13_1_hem.bmp,leukaemia,cnmc,H3,reject,0.9998596531679929,0.9998596531679929,0.9997193109180138
/root/.cache/kagglehub/datasets/andrewmvd/leukemia-classification/versions/2/C-NMC_Leukemia/training_data/fold_0/all/UID_14_2_2_all.bmp,leukaemia,cnmc,14,reject,0.99987103902432,0.99987103902432,0.9997420782838251
/root/.cache/kagglehub/datasets/andrewmvd/leukemia-classification/versions/2/C-NMC_Leukemia/training_data/fold_0/hem/UID_H11_17_2_hem.bmp,leukaemia,cnmc,H11,reject,0.9963220609506338,0.9963220609506338,0.9926441241429776
/root/.cache/kagglehub/datasets/andrewmvd/leukemia-classification/versions/2/C-NMC_Leukemia/training_data/fold_2/all/UID_24_24_6_all.bmp,leukaemia,cnmc,24,reject,0.9997615885862925,0.9997615885862925,0.9995231771808766
/root/.cache/kagglehub/datasets/andrewmvd/leukemia-classification/versions/2/C-NMC_Leukemia/training_data/fold_0/hem/UID_H17_16_2_hem.bmp,leukaemia,cnmc,H17,reject,0.8773439201667989,0.8773439201667989,0.7546878409443606
/root/.cache/kagglehub/datasets/andrewmvd/leukemia-classification/versions/2/C-NMC_Leukemia/training_data/fold_1/hem/UID_H10_139_1_hem.bmp,leukaemia,cnmc,H10,reject,0.9975573005258043,0.9975573005258043,0.9951146019658308
/root/.cache/kagglehub/datasets/andrewmvd/leukemia-classification/versions/2/C-NMC_Leukemia/training_data/fold_2/hem/UID_H8_1_3_hem.bmp,leukaemia,cnmc,H8,reject,0.9996263462133649,0.9996263462133649,0.9992526942442863
/root/.cache/kagglehub/datasets/andrewmvd/leukemia-classification/versions/2/C-NMC_Leukemia/training_data/fold_2/all/UID_36_1_3_all.bmp,leukaemia,cnmc,36,reject,0.9952955242508685,0.9952955242508685,0.9905910496868012
/root/.cache/kagglehub/datasets/andrewmvd/leukemia-classification/versions/2/C-NMC_Leukemia/training_data/fold_2/all/UID_75_17_3_all.bmp,leukaemia,cnmc,75,reject,0.9826453496624561,0.9826453496624561,0.9652907077757347
/root/.cache/kagglehub/datasets/andrewmvd/leukemia-classification/versions/2/C-NMC_Leukemia/training_data/fold_2/all/UID_72_29_1_all.bmp,leukaemia,cnmc,72,malaria,0.8358283982036739,0.16417160174558143,0.6716567964580925
/root/.cache/kagglehub/datasets/andrewmvd/leukemia-classification/versions/2/C-NMC_Leukemia/training_data/fold_2/hem/UID_H1_22_1_hem.bmp,leukaemia,cnmc,H1,reject,0.9989207111163452,0.9989207111163452,0.997841424916384
/root/.cache/kagglehub/datasets/andrewmvd/leukemia-classification/versions/2/C-NMC_Leukemia/training_data/fold_1/all/UID_32_21_5_all.bmp,leukaemia,cnmc,32,reject,0.9999894337530505,0.9999894337530505,0.9999788682310964
/root/.cache/kagglehub/datasets/andrewmvd/leukemia-classification/versions/2/C-NMC_Leukemia/training_data/fold_0/all/UID_35_9_6_all.bmp,leukaemia,cnmc,35,reject,0.7779088588024878,0.7779088588024878,0.5558177198112526
/root/.cache/kagglehub/datasets/andrewmvd/leukemia-classification/versions/2/C-NMC_Leukemia/training_data/fold_2/hem/UID_H46_25_1_hem.bmp,leukaemia,cnmc,H46,reject,0.9999130834575369,0.9999130834575369,0.9998261671610259
/root/.cache/kagglehub/datasets/andrewmvd/leukemia-classification/versions/2/C-NMC_Leukemia/training_data/fold_0/all/UID_4_7_1_all.bmp,leukaemia,cnmc,4,reject,0.9998363513585694,0.9998363513585694,0.9996727030487756
/root/.cache/kagglehub/datasets/andrewmvd/leukemia-classification/versions/2/C-NMC_Leukemia/training_data/fold_1/all/UID_51_108_2_all.bmp,leukaemia,cnmc,51,malaria,0.700367999040091,0.29963199882930436,0.4007360002107866
/root/.cache/kagglehub/datasets/andrewmvd/leukemia-classification/versions/2/C-NMC_Leukemia/training_data/fold_0/all/UID_1_2_1_all.bmp,leukaemia,cnmc,1,reject,0.9982041153070088,0.9982041153070088,0.9964082331447174
/root/.cache/kagglehub/datasets/andrewmvd/leukemia-classification/versions/2/C-NMC_Leukemia/training_data/fold_1/all/UID_44_10_4_all.bmp,leukaemia,cnmc,44,reject,0.9997527573290491,0.9997527573290491,0.9995055146812641
/root/.cache/kagglehub/datasets/andrewmvd/leukemia-classification/versions/2/C-NMC_Leukemia/training_data/fold_0/all/UID_48_7_3_all.bmp,leukaemia,cnmc,48,reject,0.9998854927213726,0.9998854927213726,0.9997709854567587
/root/.cache/kagglehub/datasets/andrewmvd/leukemia-classification/versions/2/C-NMC_Leukemia/training_data/fold_0/hem/UID_H7_1_1_hem.bmp,leukaemia,cnmc,H7,reject,0.6159030781028871,0.6159030781028871,0.23180615879173994
/root/.cache/kagglehub/datasets/andrewmvd/leukemia-classification/versions/2/C-NMC_Leukemia/training_data/fold_0/hem/UID_H16_22_1_hem.bmp,leukaemia,cnmc,H16,reject,0.9999998938632498,0.9999998938632498,0.9999997884351137
/root/.cache/kagglehub/datasets/andrewmvd/leukemia-classification/versions/2/C-NMC_Leukemia/training_data/fold_1/all/UID_2_16_1_all.bmp,leukaemia,cnmc,2,reject,0.9999997090487815,0.9999997090487815,0.9999994183449334
/root/.cache/kagglehub/datasets/andrewmvd/leukemia-classification/versions/2/C-NMC_Leukemia/training_data/fold_0/hem/UID_H19_23_1_hem.bmp,leukaemia,cnmc,H19,reject,0.9957698647253275,0.9957698647253275,0.9915397296442628
/root/.cache/kagglehub/datasets/andrewmvd/leukemia-classification/versions/2/C-NMC_Leukemia/training_data/fold_0/hem/UID_H15_6_1_hem.bmp,leukaemia,cnmc,H15,reject,0.9997851106294883,0.9997851106294883,0.9995702213015576
/root/.cache/kagglehub/datasets/andrewmvd/leukemia-classification/versions/2/C-NMC_Leukemia/training_data/fold_2/hem/UID_H20_2_6_hem.bmp,leukaemia,cnmc,H20,reject,0.9462277024165311,0.9462277024165311,0.8924554052174029
/root/.cache/kagglehub/datasets/andrewmvd/leukemia-classification/versions/2/C-NMC_Leukemia/training_data/fold_1/all/UID_23_16_2_all.bmp,leukaemia,cnmc,23,reject,0.9915958480104234,0.9915958480104234,0.9831916962956236
/root/.cache/kagglehub/datasets/andrewmvd/leukemia-classification/versions/2/C-NMC_Leukemia/training_data/fold_2/all/UID_49_19_4_all.bmp,leukaemia,cnmc,49,reject,0.9999998346786365,0.9999998346786365,0.9999996694670098
/root/.cache/kagglehub/datasets/andrewmvd/leukemia-classification/versions/2/C-NMC_Leukemia/training_data/fold_2/all/UID_78_30_7_all.bmp,leukaemia,cnmc,78,reject,0.9999981445624396,0.9999981445624396,0.9999962918522047
/root/.cache/kagglehub/datasets/andrewmvd/leukemia-classification/versions/2/C-NMC_Leukemia/training_data/fold_0/all/UID_5_9_3_all.bmp,leukaemia,cnmc,5,reject,0.9999998636738577,0.9999998636738577,0.999999727366463
/root/.cache/kagglehub/datasets/andrewmvd/leukemia-classification/versions/2/C-NMC_Leukemia/training_data/fold_1/all/UID_33_29_5_all.bmp,leukaemia,cnmc,33,reject,0.9999568891403272,0.9999568891403272,0.9999137785938824
/root/.cache/kagglehub/datasets/andrewmvd/leukemia-classification/versions/2/C-NMC_Leukemia/training_data/fold_2/all/UID_18_20_1_all.bmp,leukaemia,cnmc,18,reject,0.9999739649436001,0.9999739649436001,0.9999479301704748
/root/.cache/kagglehub/datasets/andrewmvd/leukemia-classification/versions/2/C-NMC_Leukemia/training_data/fold_2/all/UID_31_34_1_all.bmp,leukaemia,cnmc,31,reject,0.999999287958285,0.999999287958285,0.999998575917953
/root/.cache/kagglehub/datasets/andrewmvd/leukemia-classification/versions/2/C-NMC_Leukemia/training_data/fold_2/hem/UID_H2_21_2_hem.bmp,leukaemia,cnmc,H2,reject,0.9999999999734321,0.9999999999734321,0.9999999999553646
/root/.cache/kagglehub/datasets/andrewmvd/leukemia-classification/versions/2/C-NMC_Leukemia/training_data/fold_2/hem/UID_H4_7_1_hem.bmp,leukaemia,cnmc,H4,reject,0.99386087499363,0.99386087499363,0.9877218526483127
/root/.cache/kagglehub/datasets/andrewmvd/leukemia-classification/versions/2/C-NMC_Leukemia/training_data/fold_1/hem/UID_H14_6_2_hem.bmp,leukaemia,cnmc,H14,reject,0.9999996850254598,0.9999996850254598,0.9999993703826525
/root/.cache/kagglehub/datasets/andrewmvd/leukemia-classification/versions/2/C-NMC_Leukemia/training_data/fold_1/all/UID_16_2_1_all.bmp,leukaemia,cnmc,16,reject,0.9632129961619849,0.9632129961619849,0.9264261329336455
/root/.cache/kagglehub/datasets/andrewmvd/leukemia-classification/versions/2/C-NMC_Leukemia/training_data/fold_1/all/UID_46_33_3_all.bmp,leukaemia,cnmc,46,reject,0.9999986100696318,0.9999986100696318,0.9999972204195421
/root/.cache/kagglehub/datasets/andrewmvd/leukemia-classification/versions/2/C-NMC_Leukemia/training_data/fold_2/all/UID_67_31_6_all.bmp,leukaemia,cnmc,67,reject,0.9996593791498657,0.9996593791498657,0.9993187585708254
/root/.cache/kagglehub/datasets/andrewmvd/leukemia-classification/versions/2/C-NMC_Leukemia/training_data/fold_0/all/UID_20_37_6_all.bmp,leukaemia,cnmc,20,reject,0.8851055883069091,0.8851055883069091,0.7702111766273191
/root/.cache/kagglehub/datasets/andrewmvd/leukemia-classification/versions/2/C-NMC_Leukemia/training_data/fold_0/all/UID_26_6_8_all.bmp,leukaemia,cnmc,26,reject,0.9999747512477586,0.9999747512477586,0.9999495034752093
/root/.cache/kagglehub/datasets/andrewmvd/leukemia-classification/versions/2/C-NMC_Leukemia/training_data/fold_2/all/UID_37_1_18_all.bmp,leukaemia,cnmc,37,reject,0.977946463554031,0.977946463554031,0.9558929273098494
/root/.cache/kagglehub/datasets/andrewmvd/leukemia-classification/versions/2/C-NMC_Leukemia/training_data/fold_1/all/UID_30_15_4_all.bmp,leukaemia,cnmc,30,reject,0.9997262057696255,0.9997262057696255,0.9994524116230116
/root/.cache/kagglehub/datasets/andrewmvd/leukemia-classification/versions/2/C-NMC_Leukemia/training_data/fold_2/hem/UID_H9_1_2_hem.bmp,leukaemia,cnmc,H9,reject,0.9994534641636255,0.9994534641636255,0.9989069283331244
/root/.cache/kagglehub/datasets/andrewmvd/leukemia-classification/versions/2/C-NMC_Leukemia/training_data/fold_0/all/UID_11_16_1_all.bmp,leukaemia,cnmc,11,reject,0.9999999981460546,0.9999999981460546,0.9999999962940707
/root/.cache/kagglehub/datasets/andrewmvd/leukemia-classification/versions/2/C-NMC_Leukemia/training_data/fold_2/all/UID_21_13_2_all.bmp,leukaemia,cnmc,21,reject,0.9965869028757474,0.9965869028757474,0.9931738060629421
/root/.cache/kagglehub/datasets/andrewmvd/leukemia-classification/versions/2/C-NMC_Leukemia/training_data/fold_2/all/UID_27_32_3_all.bmp,leukaemia,cnmc,27,reject,0.9999913387375029,0.9999913387375029,0.9999826775277127
/root/.cache/kagglehub/datasets/andrewmvd/leukemia-classification/versions/2/C-NMC_Leukemia/training_data/fold_0/all/UID_15_17_1_all.bmp,leukaemia,cnmc,15,reject,0.9723922256376082,0.9723922256376082,0.9447844514293616
/root/.cache/kagglehub/datasets/andrewmvd/leukemia-classification/versions/2/C-NMC_Leukemia/training_data/fold_0/all/UID_45_9_5_all.bmp,leukaemia,cnmc,45,reject,0.9999960544316333,0.9999960544316333,0.9999921091422475
/root/.cache/kagglehub/datasets/andrewmvd/leukemia-classification/versions/2/C-NMC_Leukemia/training_data/fold_2/all/UID_13_28_1_all.bmp,leukaemia,cnmc,13,reject,0.5716477183915366,0.5716477183915366,0.1432954368324697
/root/.cache/kagglehub/datasets/andrewmvd/leukemia-classification/versions/2/C-NMC_Leukemia/training_data/fold_0/hem/UID_H12_6_1_hem.bmp,leukaemia,cnmc,H12,reject,0.9999999499499267,0.9999999499499267,0.9999998999470708
/root/.cache/kagglehub/datasets/andrewmvd/leukemia-classification/versions/2/C-NMC_Leukemia/training_data/fold_2/hem/UID_H5_10_1_hem.bmp,leukaemia,cnmc,H5,reject,0.999996553415887,0.999996553415887,0.9999931069127379
/root/.cache/kagglehub/datasets/andrewmvd/leukemia-classification/versions/2/C-NMC_Leukemia/training_data/fold_2/hem/UID_H40_15_3_hem.bmp,leukaemia,cnmc,H40,reject,0.9972958228633836,0.9972958228633836,0.9945916460194796
/root/.cache/kagglehub/datasets/andrewmvd/leukemia-classification/versions/2/C-NMC_Leukemia/training_data/fold_0/all/UID_22_19_1_all.bmp,leukaemia,cnmc,22,reject,0.9994840013757612,0.9994840013757612,0.9989680027551155
/root/.cache/kagglehub/datasets/andrewmvd/leukemia-classification/versions/2/C-NMC_Leukemia/training_data/fold_0/all/UID_19_10_1_all.bmp,leukaemia,cnmc,19,reject,0.9999999862066788,0.9999999862066788,0.9999999724331566
/root/.cache/kagglehub/datasets/andrewmvd/leukemia-classification/versions/2/C-NMC_Leukemia/training_data/fold_2/hem/UID_H13_3_1_hem.bmp,leukaemia,cnmc,H13,reject,0.9999959550388156,0.9999959550388156,0.9999919102603901
/root/.cache/kagglehub/datasets/andrewmvd/leukemia-classification/versions/2/C-NMC_Leukemia/training_data/fold_2/hem/UID_H48_15_2_hem.bmp,leukaemia,cnmc,H48,reject,0.9999997493482062,0.9999997493482062,0.9999994994466265
/root/.cache/kagglehub/datasets/andrewmvd/leukemia-classification/versions/2/C-NMC_Leukemia/training_data/fold_2/hem/UID_H23_6_8_hem.bmp,leukaemia,cnmc,H23,reject,0.9999743910091359,0.9999743910091359,0.9999487820343944
/root/.cache/kagglehub/datasets/andrewmvd/leukemia-classification/versions/2/C-NMC_Leukemia/training_data/fold_0/all/UID_43_11_4_all.bmp,leukaemia,cnmc,43,reject,0.8470918367647354,0.8470918367647354,0.694183678363596
/root/.cache/kagglehub/datasets/andrewmvd/leukemia-classification/versions/2/C-NMC_Leukemia/training_data/fold_0/hem/UID_H24_3_4_hem.bmp,leukaemia,cnmc,H24,reject,0.9999994071105973,0.9999994071105973,0.9999988142221602
/root/.cache/kagglehub/datasets/andrewmvd/leukemia-classification/versions/2/C-NMC_Leukemia/training_data/fold_2/all/UID_25_37_2_all.bmp,leukaemia,cnmc,25,reject,0.9999888270156403,0.9999888270156403,0.9999776540332451
/root/.cache/kagglehub/datasets/andrewmvd/leukemia-classification/versions/2/C-NMC_Leukemia/training_data/fold_2/all/UID_74_2_4_all.bmp,leukaemia,cnmc,74,reject,0.9988340148029079,0.9988340148029079,0.9976680401200343
/root/.cache/kagglehub/datasets/andrewmvd/leukemia-classification/versions/2/C-NMC_Leukemia/training_data/fold_0/all/UID_52_26_14_all.bmp,leukaemia,cnmc,52,reject,0.9999996158802521,0.9999996158802521,0.9999992318327342
/root/.cache/kagglehub/datasets/andrewmvd/leukemia-classification/versions/2/C-NMC_Leukemia/training_data/fold_1/all/UID_38_3_2_all.bmp,leukaemia,cnmc,38,reject,0.9670497968106939,0.9670497968106939,0.9340995940676754
/root/.cache/kagglehub/datasets/andrewmvd/leukemia-classification/versions/2/C-NMC_Leukemia/training_data/fold_0/hem/UID_H6_16_1_hem.bmp,leukaemia,cnmc,H6,reject,0.9922573381431814,0.9922573381431814,0.9845146854238684
/root/.cache/kagglehub/datasets/andrewmvd/leukemia-classification/versions/2/C-NMC_Leukemia/training_data/fold_0/all/UID_28_28_1_all.bmp,leukaemia,cnmc,28,reject,0.9999999916547143,0.9999999916547143,0.9999999833119604
/root/.cache/kagglehub/datasets/andrewmvd/leukemia-classification/versions/2/C-NMC_Leukemia/training_data/fold_1/hem/UID_H22_12_8_hem.bmp,leukaemia,cnmc,H22,reject,0.999999999525031,0.999999999525031,0.9999999990513414
/root/.cache/kagglehub/datasets/andrewmvd/leukemia-classification/versions/2/C-NMC_Leukemia/training_data/fold_2/hem/UID_H18_6_4_hem.bmp,leukaemia,cnmc,H18,reject,0.9999999998023485,0.9999999998023485,0.9999999996174732
/root/.cache/kagglehub/datasets/andrewmvd/leukemia-classification/versions/2/C-NMC_Leukemia/training_data/fold_2/all/UID_68_11_7_all.bmp,leukaemia,cnmc,68,reject,0.9999944026073533,0.9999944026073533,0.9999888111465737
/root/.cache/kagglehub/datasets/andrewmvd/leukemia-classification/versions/2/C-NMC_Leukemia/training_data/fold_0/all/UID_3_1_2_all.bmp,leukaemia,cnmc,3,reject,0.9999971304891226,0.9999971304891226,0.9999942614243369
/root/.cache/kagglehub/datasets/andrewmvd/leukemia-classification/versions/2/C-NMC_Leukemia/training_data/fold_1/all/UID_34_11_7_all.bmp,leukaemia,cnmc,34,reject,0.9999974487800074,0.9999974487800074,0.9999948978603048
/root/.cache/kagglehub/datasets/andrewmvd/leukemia-classification/versions/2/C-NMC_Leukemia/training_data/fold_2/all/UID_47_32_5_all.bmp,leukaemia,cnmc,47,reject,0.999996500006616,0.999996500006616,0.9999930000996377
/root/.cache/kagglehub/datasets/andrewmvd/leukemia-classification/versions/2/C-NMC_Leukemia/training_data/fold_0/all/UID_17_19_1_all.bmp,leukaemia,cnmc,17,reject,0.9992886764079698,0.9992886764079698,0.9985774201815658
/root/.cache/kagglehub/datasets/andrewmvd/leukemia-classification/versions/2/C-NMC_Leukemia/training_data/fold_0/all/UID_50_18_7_all.bmp,leukaemia,cnmc,50,reject,0.9999944617613324,0.9999944617613324,0.9999889238645434
/root/.cache/kagglehub/datasets/andrewmvd/leukemia-classification/versions/2/C-NMC_Leukemia/training_data/fold_2/hem/UID_h3_1_1_hem.bmp,leukaemia,cnmc,H3,reject,0.9929383297705758,0.9929383297705758,0.9858766602244976
/root/.cache/kagglehub/datasets/andrewmvd/leukemia-classification/versions/2/C-NMC_Leukemia/training_data/fold_0/all/UID_14_18_2_all.bmp,leukaemia,cnmc,14,reject,0.9989071416305951,0.9989071416305951,0.9978142832706774
/root/.cache/kagglehub/datasets/andrewmvd/leukemia-classification/versions/2/C-NMC_Leukemia/training_data/fold_0/hem/UID_H11_6_2_hem.bmp,leukaemia,cnmc,H11,reject,0.9994128539728777,0.9994128539728777,0.9988257102886127
/root/.cache/kagglehub/datasets/andrewmvd/leukemia-classification/versions/2/C-NMC_Leukemia/training_data/fold_2/all/UID_24_17_6_all.bmp,leukaemia,cnmc,24,reject,0.9999999997895026,0.9999999997895026,0.9999999995810979
/root/.cache/kagglehub/datasets/andrewmvd/leukemia-classification/versions/2/C-NMC_Leukemia/training_data/fold_0/hem/UID_H17_1_1_hem.bmp,leukaemia,cnmc,H17,reject,0.9999999999746654,0.9999999999746654,0.9999999999588379
/root/.cache/kagglehub/datasets/andrewmvd/leukemia-classification/versions/2/C-NMC_Leukemia/training_data/fold_1/hem/UID_H10_159_2_hem.bmp,leukaemia,cnmc,H10,reject,0.9994595657914335,0.9994595657914335,0.9989191317820187
/root/.cache/kagglehub/datasets/andrewmvd/leukemia-classification/versions/2/C-NMC_Leukemia/training_data/fold_2/hem/UID_H8_7_2_hem.bmp,leukaemia,cnmc,H8,reject,0.9980659982442355,0.9980659982442355,0.9961319967234632
/root/.cache/kagglehub/datasets/andrewmvd/leukemia-classification/versions/2/C-NMC_Leukemia/training_data/fold_2/all/UID_36_3_1_all.bmp,leukaemia,cnmc,36,reject,0.9826633707652251,0.9826633707652251,0.9653267415946596
/root/.cache/kagglehub/datasets/andrewmvd/leukemia-classification/versions/2/C-NMC_Leukemia/training_data/fold_2/all/UID_75_4_1_all.bmp,leukaemia,cnmc,75,reject,0.9832353878302403,0.9832353878302403,0.9664707759238619
/root/.cache/kagglehub/datasets/andrewmvd/leukemia-classification/versions/2/C-NMC_Leukemia/training_data/fold_2/all/UID_72_5_1_all.bmp,leukaemia,cnmc,72,reject,0.9916014935230939,0.9916014935230939,0.9832029932578147
/root/.cache/kagglehub/datasets/andrewmvd/leukemia-classification/versions/2/C-NMC_Leukemia/training_data/fold_2/hem/UID_H1_33_1_hem.bmp,leukaemia,cnmc,H1,reject,0.9999855518317669,0.9999855518317669,0.999971103895448
/root/.cache/kagglehub/datasets/andrewmvd/leukemia-classification/versions/2/C-NMC_Leukemia/training_data/fold_1/all/UID_32_19_3_all.bmp,leukaemia,cnmc,32,reject,0.9994852039161304,0.9994852039161304,0.9989704079307198
/root/.cache/kagglehub/datasets/andrewmvd/leukemia-classification/versions/2/C-NMC_Leukemia/training_data/fold_0/all/UID_35_14_16_all.bmp,leukaemia,cnmc,35,reject,0.9997180244425675,0.9997180244425675,0.999436050091299
/root/.cache/kagglehub/datasets/andrewmvd/leukemia-classification/versions/2/C-NMC_Leukemia/training_data/fold_2/hem/UID_H46_17_1_hem.bmp,leukaemia,cnmc,H46,reject,0.9999989541267299,0.9999989541267299,0.9999979133293478
/root/.cache/kagglehub/datasets/andrewmvd/leukemia-classification/versions/2/C-NMC_Leukemia/training_data/fold_0/all/UID_4_15_4_all.bmp,leukaemia,cnmc,4,reject,0.9996209103705825,0.9996209103705825,0.9992418222678037
/root/.cache/kagglehub/datasets/andrewmvd/leukemia-classification/versions/2/C-NMC_Leukemia/training_data/fold_1/all/UID_51_4_12_all.bmp,leukaemia,cnmc,51,reject,0.9966806985179011,0.9966806985179011,0.9933613974954483
/root/.cache/kagglehub/datasets/andrewmvd/leukemia-classification/versions/2/C-NMC_Leukemia/training_data/fold_0/all/UID_1_4_1_all.bmp,leukaemia,cnmc,1,reject,0.9729791047753034,0.9729791047753034,0.9459582112890674
/root/.cache/kagglehub/datasets/andrewmvd/leukemia-classification/versions/2/C-NMC_Leukemia/training_data/fold_1/all/UID_44_7_2_all.bmp,leukaemia,cnmc,44,reject,0.9991182111316504,0.9991182111316504,0.9982364270633913
/root/.cache/kagglehub/datasets/andrewmvd/leukemia-classification/versions/2/C-NMC_Leukemia/training_data/fold_0/all/UID_48_25_10_all.bmp,leukaemia,cnmc,48,reject,0.9999984686075883,0.9999984686075883,0.9999969372570711
/root/.cache/kagglehub/datasets/andrewmvd/leukemia-classification/versions/2/C-NMC_Leukemia/training_data/fold_0/hem/UID_H7_5_1_hem.bmp,leukaemia,cnmc,H7,reject,0.9999615165453686,0.9999615165453686,0.9999230723598389
/root/.cache/kagglehub/datasets/andrewmvd/leukemia-classification/versions/2/C-NMC_Leukemia/training_data/fold_0/hem/UID_H16_24_1_hem.bmp,leukaemia,cnmc,H16,reject,0.9997724925800799,0.9997724925800799,0.9995449877742433
/root/.cache/kagglehub/datasets/andrewmvd/leukemia-classification/versions/2/C-NMC_Leukemia/training_data/fold_1/all/UID_2_13_2_all.bmp,leukaemia,cnmc,2,reject,0.999998992572773,0.999998992572773,0.9999979851564479
/root/.cache/kagglehub/datasets/andrewmvd/leukemia-classification/versions/2/C-NMC_Leukemia/training_data/fold_0/hem/UID_H19_5_1_hem.bmp,leukaemia,cnmc,H19,reject,0.99999990580527,0.99999990580527,0.9999998116198765
/root/.cache/kagglehub/datasets/andrewmvd/leukemia-classification/versions/2/C-NMC_Leukemia/training_data/fold_0/hem/UID_H15_16_4_hem.bmp,leukaemia,cnmc,H15,reject,0.9998227426604884,0.9998227426604884,0.9996454856082075
/root/.cache/kagglehub/datasets/andrewmvd/leukemia-classification/versions/2/C-NMC_Leukemia/training_data/fold_2/hem/UID_H20_29_1_hem.bmp,leukaemia,cnmc,H20,reject,0.9999999909043144,0.9999999909043144,0.9999999818133607
/root/.cache/kagglehub/datasets/andrewmvd/leukemia-classification/versions/2/C-NMC_Leukemia/training_data/fold_1/all/UID_23_16_4_all.bmp,leukaemia,cnmc,23,reject,0.982198325046836,0.982198325046836,0.9643966516857093
/root/.cache/kagglehub/datasets/andrewmvd/leukemia-classification/versions/2/C-NMC_Leukemia/training_data/fold_2/all/UID_49_6_3_all.bmp,leukaemia,cnmc,49,reject,0.9744034581729758,0.9744034581729758,0.9488069305481526
/root/.cache/kagglehub/datasets/andrewmvd/leukemia-classification/versions/2/C-NMC_Leukemia/training_data/fold_2/all/UID_78_15_1_all.bmp,leukaemia,cnmc,78,reject,0.9999995378910952,0.9999995378910952,0.9999990785677039
/root/.cache/kagglehub/datasets/andrewmvd/leukemia-classification/versions/2/C-NMC_Leukemia/training_data/fold_0/all/UID_5_13_1_all.bmp,leukaemia,cnmc,5,reject,0.9999936001238859,0.9999936001238859,0.9999872002620025
/root/.cache/kagglehub/datasets/andrewmvd/leukemia-classification/versions/2/C-NMC_Leukemia/training_data/fold_1/all/UID_33_21_3_all.bmp,leukaemia,cnmc,33,reject,0.9999984515277652,0.9999984515277652,0.9999969030953848
/root/.cache/kagglehub/datasets/andrewmvd/leukemia-classification/versions/2/C-NMC_Leukemia/training_data/fold_2/all/UID_18_38_3_all.bmp,leukaemia,cnmc,18,reject,0.9998857989813961,0.9998857989813961,0.9997715979895776
/root/.cache/kagglehub/datasets/andrewmvd/leukemia-classification/versions/2/C-NMC_Leukemia/training_data/fold_2/all/UID_31_4_1_all.bmp,leukaemia,cnmc,31,reject,0.8075016976146363,0.8075016976146363,0.6150034041833813
/root/.cache/kagglehub/datasets/andrewmvd/leukemia-classification/versions/2/C-NMC_Leukemia/training_data/fold_2/hem/UID_H2_50_3_hem.bmp,leukaemia,cnmc,H2,reject,0.9990792124771226,0.9990792124771226,0.9981584254825645
/root/.cache/kagglehub/datasets/andrewmvd/leukemia-classification/versions/2/C-NMC_Leukemia/training_data/fold_2/hem/UID_H4_1_2_hem.bmp,leukaemia,cnmc,H4,reject,0.9999564631479346,0.9999564631479346,0.9999129269656675
/root/.cache/kagglehub/datasets/andrewmvd/leukemia-classification/versions/2/C-NMC_Leukemia/training_data/fold_1/hem/UID_H14_11_2_hem.bmp,leukaemia,cnmc,H14,reject,0.8422725209288494,0.8422725209288494,0.6845450426757184
/root/.cache/kagglehub/datasets/andrewmvd/leukemia-classification/versions/2/C-NMC_Leukemia/training_data/fold_1/all/UID_16_1_3_all.bmp,leukaemia,cnmc,16,reject,0.9424957234797436,0.9424957234797436,0.8849914470723752
/content/deepsight_router/raw/kather/Kather_texture_2016_image_tiles_5000/03_COMPLEX/13F73_CRC-Prim-HE-05_009a.tif_Row_451_Col_601.tif,reject,kather,CRC-Prim-HE-05,breast_cancer,0.9999999988419035,1.1477274932433009e-09,0.999999997694176
/content/deepsight_router/raw/kather/Kather_texture_2016_image_tiles_5000/02_STROMA/13690_CRC-Prim-HE-03_008.tif_Row_1201_Col_301.tif,reject,kather,CRC-Prim-HE-03,breast_cancer,0.9999999999804496,1.9550328400672067e-11,0.9999999999608993
/content/deepsight_router/raw/kather/Kather_texture_2016_image_tiles_5000/05_DEBRIS/11A1D_CRC-Prim-HE-04_001.tif_Row_301_Col_151.tif,reject,kather,CRC-Prim-HE-04,breast_cancer,0.9999999736644014,2.608628648140839e-08,0.999999947578115
/content/deepsight_router/raw/kather/Kather_texture_2016_image_tiles_5000/06_MUCOSA/148DF_CRC-Prim-HE-09_001.tif_Row_1951_Col_751.tif,reject,kather,CRC-Prim-HE-09,breast_cancer,0.9999963162928532,3.6836660911368847e-06,0.9999926326267621
/content/deepsight_router/raw/kather/Kather_texture_2016_image_tiles_5000/08_EMPTY/12F62_CRC-Prim-HE-10_026.tif_Row_451_Col_601.tif,reject,kather,CRC-Prim-HE-10,fungal,0.7095708770148571,0.28481095882426277,0.42475991819059433
/content/deepsight_router/raw/kather/Kather_texture_2016_image_tiles_5000/01_TUMOR/4995_CRC-Prim-HE-02_014.tif_Row_151_Col_1.tif,reject,kather,CRC-Prim-HE-02,breast_cancer,0.9999846024657026,1.5397443901250534e-05,0.9999692050218014
/content/deepsight_router/raw/kather/Kather_texture_2016_image_tiles_5000/05_DEBRIS/8594_CRC-Prim-HE-08_023.tif_Row_751_Col_901.tif,reject,kather,CRC-Prim-HE-08,breast_cancer,0.9999993593941432,6.405418588630418e-07,0.9999987188522843
/content/deepsight_router/raw/kather/Kather_texture_2016_image_tiles_5000/05_DEBRIS/778C_CRC-Prim-HE-07_002.tif_Row_601_Col_1351.tif,reject,kather,CRC-Prim-HE-07,breast_cancer,0.9999978572381814,2.1427573249376877e-06,0.9999957144808564
/content/deepsight_router/raw/kather/Kather_texture_2016_image_tiles_5000/03_COMPLEX/1E3F_CRC-Prim-HE-01_034.tif_Row_1_Col_451.tif,reject,kather,CRC-Prim-HE-01,breast_cancer,0.9999913492402449,8.650746443144678e-06,0.9999826984938017
/content/deepsight_router/raw/kather/Kather_texture_2016_image_tiles_5000/04_LYMPHO/4353_CRC-Prim-HE-05_003.tif_Row_151_Col_151.tif,reject,kather,CRC-Prim-HE-05,breast_cancer,0.9999847965140516,1.5202823240294913e-05,0.9999695936908113
/content/deepsight_router/raw/kather/Kather_texture_2016_image_tiles_5000/02_STROMA/137C3_CRC-Prim-HE-03.tif_Row_601_Col_601.tif,reject,kather,CRC-Prim-HE-03,breast_cancer,0.9999999999998539,1.4601188475851222e-13,0.9999999999997079
/content/deepsight_router/raw/kather/Kather_texture_2016_image_tiles_5000/01_TUMOR/4275_CRC-Prim-HE-09_011.tif_Row_301_Col_151.tif,reject,kather,CRC-Prim-HE-09,breast_cancer,0.9991035390566341,0.0008946589236240584,0.99820888013301
/content/deepsight_router/raw/kather/Kather_texture_2016_image_tiles_5000/03_COMPLEX/11313_CRC-Prim-HE-10_004.tif_Row_301_Col_1.tif,reject,kather,CRC-Prim-HE-10,breast_cancer,0.9999999095824885,9.041727741280899e-08,0.9999998191652111
/content/deepsight_router/raw/kather/Kather_texture_2016_image_tiles_5000/08_EMPTY/14E37_CRC-Prim-HE-06_005.tif_Row_3301_Col_4651.tif,reject,kather,CRC-Prim-HE-06,fungal,0.8910086843507681,0.0967208241441699,0.7942878602065981
/content/deepsight_router/raw/kather/Kather_texture_2016_image_tiles_5000/04_LYMPHO/8589_CRC-Prim-HE-02.tif_Row_151_Col_751.tif,reject,kather,CRC-Prim-HE-02,breast_cancer,0.5219171877952912,0.4780737855562144,0.04384340223907679
/content/deepsight_router/raw/kather/Kather_texture_2016_image_tiles_5000/02_STROMA/1165E_CRC-Prim-HE-08_004.tif_Row_1_Col_451.tif,reject,kather,CRC-Prim-HE-08,breast_cancer,0.9999905890371016,9.41095852933902e-06,0.9999811780785722
/content/deepsight_router/raw/kather/Kather_texture_2016_image_tiles_5000/06_MUCOSA/17C10_CRC-Prim-HE-07_001.tif_Row_751_Col_2251.tif,reject,kather,CRC-Prim-HE-07,breast_cancer,0.994640830053341,0.005359166974805143,0.9892816630785359
/content/deepsight_router/raw/kather/Kather_texture_2016_image_tiles_5000/04_LYMPHO/D05F_CRC-Prim-HE-01_002.tif_Row_1_Col_301.tif,reject,kather,CRC-Prim-HE-01,breast_cancer,0.8301097312640459,0.1698877622982597,0.6602219689657862
/content/deepsight_router/raw/kather/Kather_texture_2016_image_tiles_5000/06_MUCOSA/15418_CRC-Prim-HE-05.tif_Row_601_Col_751.tif,reject,kather,CRC-Prim-HE-05,breast_cancer,0.9996609859859613,0.0003385274240781286,0.9993224585618832
/content/deepsight_router/raw/kather/Kather_texture_2016_image_tiles_5000/07_ADIPOSE/13C9F_CRC-Prim-HE-03_012.tif_Row_1201_Col_1351.tif,reject,kather,CRC-Prim-HE-03,breast_cancer,0.7717145157579974,0.007469314755414589,0.5508986396699717
/content/deepsight_router/raw/kather/Kather_texture_2016_image_tiles_5000/05_DEBRIS/159A8_CRC-Prim-HE-04_001.tif_Row_601_Col_751.tif,reject,kather,CRC-Prim-HE-04,breast_cancer,0.9999999953141709,4.6226456771411035e-09,0.9999999906915252
/content/deepsight_router/raw/kather/Kather_texture_2016_image_tiles_5000/04_LYMPHO/92A0_CRC-Prim-HE-09_013.tif_Row_301_Col_301.tif,reject,kather,CRC-Prim-HE-09,breast_cancer,0.6498327780776867,0.3500552558020095,0.29977752227567717
/content/deepsight_router/raw/kather/Kather_texture_2016_image_tiles_5000/05_DEBRIS/15228_CRC-Prim-HE-10_017.tif_Row_151_Col_1.tif,reject,kather,CRC-Prim-HE-10,breast_cancer,0.99999999969031,2.9624877897122635e-10,0.9999999993940611
/content/deepsight_router/raw/kather/Kather_texture_2016_image_tiles_5000/08_EMPTY/1213C_CRC-Prim-HE-06_005.tif_Row_901_Col_2101.tif,reject,kather,CRC-Prim-HE-06,fungal,0.5088277151120666,0.15353253603263153,0.17707224157428186
/content/deepsight_router/raw/kather/Kather_texture_2016_image_tiles_5000/05_DEBRIS/15E8A_CRC-Prim-HE-08_024.tif_Row_1501_Col_151.tif,reject,kather,CRC-Prim-HE-08,breast_cancer,0.9999999840839484,1.591560821415683e-08,0.9999999681683402
/content/deepsight_router/raw/kather/Kather_texture_2016_image_tiles_5000/02_STROMA/10977_CRC-Prim-HE-07_026.tif_Row_901_Col_451.tif,reject,kather,CRC-Prim-HE-07,breast_cancer,0.9999999996350832,3.649160965083178e-10,0.9999999992701671
/content/deepsight_router/raw/kather/Kather_texture_2016_image_tiles_5000/04_LYMPHO/41D3_CRC-Prim-HE-05_004.tif_Row_601_Col_151.tif,reject,kather,CRC-Prim-HE-05,breast_cancer,0.9922235878544119,0.007776340374342304,0.9844472474800696
/content/deepsight_router/raw/kather/Kather_texture_2016_image_tiles_5000/03_COMPLEX/1200B_CRC-Prim-HE-03_025.tif_Row_151_Col_301.tif,reject,kather,CRC-Prim-HE-03,breast_cancer,0.9999999953366414,4.6633475942817725e-09,0.9999999906732938
/content/deepsight_router/raw/kather/Kather_texture_2016_image_tiles_5000/01_TUMOR/5ADB_CRC-Prim-HE-04_029.tif_Row_451_Col_1.tif,reject,kather,CRC-Prim-HE-04,breast_cancer,0.9999912681441095,8.731441017523363e-06,0.999982536703092
/content/deepsight_router/raw/kather/Kather_texture_2016_image_tiles_5000/04_LYMPHO/113D_CRC-Prim-HE-09_021.tif_Row_151_Col_1.tif,reject,kather,CRC-Prim-HE-09,breast_cancer,0.9999998272585623,1.727218212225073e-07,0.9999996545367411
/content/deepsight_router/raw/kather/Kather_texture_2016_image_tiles_5000/03_COMPLEX/16A40_CRC-Prim-HE-10_025.tif_Row_451_Col_301.tif,reject,kather,CRC-Prim-HE-10,breast_cancer,0.9999917649667515,8.234967456044522e-06,0.9999835299992954
/content/deepsight_router/raw/kather/Kather_texture_2016_image_tiles_5000/08_EMPTY/1552_CRC-Prim-HE-06_005.tif_Row_1801_Col_6301.tif,reject,kather,CRC-Prim-HE-06,fungal,0.9080909390641144,0.07010108726539133,0.8379898517987231
/content/deepsight_router/raw/kather/Kather_texture_2016_image_tiles_5000/01_TUMOR/15143_CRC-Prim-HE-02_003b.tif_Row_151_Col_151.tif,reject,kather,CRC-Prim-HE-02,breast_cancer,0.9946452661756043,0.005354723921732485,0.9892905422538718
/content/deepsight_router/raw/kather/Kather_texture_2016_image_tiles_5000/05_DEBRIS/13763_CRC-Prim-HE-08_021.tif_Row_1351_Col_301.tif,reject,kather,CRC-Prim-HE-08,breast_cancer,0.9999998871496566,1.1285010751416166e-07,0.9999997742995491
/content/deepsight_router/raw/kather/Kather_texture_2016_image_tiles_5000/02_STROMA/10B02_CRC-Prim-HE-07_014.tif_Row_301_Col_2251.tif,reject,kather,CRC-Prim-HE-07,breast_cancer,0.9999994401693953,5.598303985651297e-07,0.9999988803389968
/content/deepsight_router/raw/kather/Kather_texture_2016_image_tiles_5000/04_LYMPHO/E115_CRC-Prim-HE-01b.tif_Row_1_Col_1.tif,reject,kather,CRC-Prim-HE-01,breast_cancer,0.8672902114035179,0.13269923926876093,0.734590972134757
/content/deepsight_router/raw/kather/Kather_texture_2016_image_tiles_5000/02_STROMA/1341C_CRC-Prim-HE-05_002b.tif_Row_601_Col_601.tif,reject,kather,CRC-Prim-HE-05,breast_cancer,0.9999999965416484,3.4582518754035664e-09,0.9999999930833965
/content/deepsight_router/raw/kather/Kather_texture_2016_image_tiles_5000/02_STROMA/102FF_CRC-Prim-HE-03_003.tif_Row_751_Col_901.tif,reject,kather,CRC-Prim-HE-03,breast_cancer,0.9999999999998459,1.5417111084535438e-13,0.9999999999996917
/content/deepsight_router/raw/kather/Kather_texture_2016_image_tiles_5000/01_TUMOR/15A68_CRC-Prim-HE-09_010.tif_Row_151_Col_301.tif,reject,kather,CRC-Prim-HE-09,breast_cancer,0.999996005845936,3.990546382006292e-06,0.999992015299554
/content/deepsight_router/raw/kather/Kather_texture_2016_image_tiles_5000/07_ADIPOSE/16932_CRC-Prim-HE-10_020.tif_Row_901_Col_451.tif,reject,kather,CRC-Prim-HE-10,breast_cancer,0.9821617700587777,0.01781552817593898,0.9643462418828387
/content/deepsight_router/raw/kather/Kather_texture_2016_image_tiles_5000/08_EMPTY/1260A_CRC-Prim-HE-06_005.tif_Row_3301_Col_2251.tif,reject,kather,CRC-Prim-HE-06,fungal,0.823062694229761,0.12169508395541867,0.7013676102743422
/content/deepsight_router/raw/kather/Kather_texture_2016_image_tiles_5000/04_LYMPHO/2728_CRC-Prim-HE-02.tif_Row_1_Col_601.tif,reject,kather,CRC-Prim-HE-02,breast_cancer,0.537404043060861,0.462583495423758,0.074820547637103
/content/deepsight_router/raw/kather/Kather_texture_2016_image_tiles_5000/01_TUMOR/4EBA_CRC-Prim-HE-08_010.tif_Row_451_Col_301.tif,reject,kather,CRC-Prim-HE-08,breast_cancer,0.999998452859667,1.5471290109424942e-06,0.9999969057306561
/content/deepsight_router/raw/kather/Kather_texture_2016_image_tiles_5000/01_TUMOR/53B6_CRC-Prim-HE-07_025.tif_Row_1351_Col_1.tif,reject,kather,CRC-Prim-HE-07,breast_cancer,0.9998534144155525,0.00014658555646398705,0.9997068288590886
/content/deepsight_router/raw/kather/Kather_texture_2016_image_tiles_5000/02_STROMA/11E9B_CRC-Prim-HE-01_007.tif_Row_151_Col_151.tif,reject,kather,CRC-Prim-HE-01,breast_cancer,0.9999997051230726,2.948729709161985e-07,0.9999994102501016
