,orig_w,orig_w,orig_w,orig_w,orig_w,orig_w,orig_w,orig_w,orig_h,orig_h,orig_h,orig_h,orig_h,orig_h,orig_h,orig_h,aspect_ratio,aspect_ratio,aspect_ratio,aspect_ratio,aspect_ratio,aspect_ratio,aspect_ratio,aspect_ratio,r_mean,r_mean,r_mean,r_mean,r_mean,r_mean,r_mean,r_mean,g_mean,g_mean,g_mean,g_mean,g_mean,g_mean,g_mean,g_mean,b_mean,b_mean,b_mean,b_mean,b_mean,b_mean,b_mean,b_mean
,count,mean,std,min,25%,50%,75%,max,count,mean,std,min,25%,50%,75%,max,count,mean,std,min,25%,50%,75%,max,count,mean,std,min,25%,50%,75%,max,count,mean,std,min,25%,50%,75%,max,count,mean,std,min,25%,50%,75%,max
source,,,,,,,,,,,,,,,,,,,,,,,,,,,,,,,,,,,,,,,,,,,,,,,,
breakhis,400.0,700.0,0.0,700.0,700.0,700.0,700.0,700.0,400.0,459.95,0.4449662767768699,456.0,460.0,460.0,460.0,460.0,400.0,1.521905987795576,0.001484917971700096,1.5217391304347827,1.5217391304347827,1.5217391304347827,1.5217391304347827,1.5350877192982457,400.0,0.790106649696827,0.06919788398496178,0.5276654362678528,0.7437557578086853,0.7927581667900085,0.8375765681266785,0.9859682321548462,400.0,0.6273245408385992,0.11391988940657219,0.2610485553741455,0.5448405295610428,0.6413009762763977,0.7093549221754074,0.8934398293495178,400.0,0.7685137991607189,0.06923653844659912,0.530798077583313,0.724897563457489,0.7722235321998596,0.8145277947187424,0.9321690797805786
cnmc,365.0,450.0,0.0,450.0,450.0,450.0,450.0,450.0,365.0,450.0,0.0,450.0,450.0,450.0,450.0,450.0,365.0,1.0,0.0,1.0,1.0,1.0,1.0,1.0,365.0,0.04724004704199017,0.013713464192141462,0.012576593086123466,0.037285540252923965,0.046794578433036804,0.05657169222831726,0.08527497202157974,365.0,0.020513405507966265,0.0066215579381609345,0.005227481946349144,0.015644147992134094,0.02017846331000328,0.024888940155506134,0.041704967617988586,365.0,0.05361024607738404,0.0146585423906047,0.016249235719442368,0.04350107163190842,0.05432751029729843,0.0644339770078659,0.08979396522045135
defungi,600.0,500.0,0.0,500.0,500.0,500.0,500.0,500.0,600.0,500.0,0.0,500.0,500.0,500.0,500.0,500.0,600.0,1.0,0.0,1.0,1.0,1.0,1.0,1.0,600.0,0.5392500149706999,0.04252514090351386,0.33918890357017517,0.5148610174655914,0.5333755016326904,0.5574592500925064,0.7703584432601929,600.0,0.5394811149934927,0.03050315126211232,0.43606773018836975,0.5241833627223969,0.5377106666564941,0.5514351725578308,0.7756510972976685,600.0,0.51193345832328,0.0579222404330823,0.23857614398002625,0.4915201887488365,0.5186140835285187,0.5430750697851181,0.7597311735153198
dtd,600.0,502.09166666666664,118.58026281146572,271.0,397.0,500.0,637.0,800.0,600.0,455.75,104.74516735139838,300.0,366.0,448.5,531.0,640.0,600.0,1.1256046421499637,0.2521369497335354,0.5711947626841244,0.9671586528707649,1.0627661839863713,1.3333333333333333,2.0,600.0,0.5315022995726516,0.18966979665338693,0.013534007593989372,0.4045017808675766,0.5292356312274933,0.6452435851097107,0.9765013456344604,600.0,0.4769584888980413,0.17536127543672267,0.010742188431322575,0.35742953419685364,0.4768306016921997,0.5746055543422699,0.9811927080154419,600.0,0.4326696545475473,0.19045324723534843,0.01666283793747425,0.29281556606292725,0.4264342188835144,0.5514562577009201,0.9961780309677124
flowers,600.0,635.7233333333334,94.97484135130246,500.0,525.75,667.0,704.25,919.0,600.0,528.395,68.71872194856185,500.0,500.0,500.0,500.0,1022.0,600.0,1.2295784725912202,0.2592784142045775,0.6218905472636815,1.0495,1.334,1.4073892215568864,1.838,600.0,0.43461226808528103,0.12087891337455944,0.09008502215147018,0.352700874209404,0.424806609749794,0.507606714963913,0.9213618040084839,600.0,0.3783720315496127,0.11151411213824565,0.04762944206595421,0.3125593587756157,0.38319164514541626,0.451013907790184,0.7838196754455566,600.0,0.27897332049595813,0.13596238569886754,0.02073759399354458,0.17054516077041626,0.2731388062238693,0.37439876794815063,0.780024528503418
kather,50.0,150.0,0.0,150.0,150.0,150.0,150.0,150.0,50.0,150.0,0.0,150.0,150.0,150.0,150.0,150.0,50.0,1.0,0.0,1.0,1.0,1.0,1.0,1.0,50.0,0.612889786362648,0.20389383590401047,0.27707183361053467,0.44182848185300827,0.5879768133163452,0.7427820563316345,0.9508692622184753,50.0,0.4176715683937073,0.2632344031452626,0.10724572092294693,0.23637791723012924,0.29147520661354065,0.5260522216558456,0.9539099335670471,50.0,0.5392657825350762,0.21624748317834042,0.24059820175170898,0.3715677112340927,0.4760991185903549,0.6574037075042725,0.9538142681121826
nlm_thick_pf,600.0,3024.0,0.0,3024.0,3024.0,3024.0,3024.0,3024.0,600.0,4032.0,0.0,4032.0,4032.0,4032.0,4032.0,4032.0,600.0,0.75,0.0,0.75,0.75,0.75,0.75,0.75,600.0,0.3707581231494745,0.03136588509317735,0.2606464624404907,0.35182102024555206,0.3720894455909729,0.39342638850212097,0.5046032667160034,600.0,0.3347786903132995,0.03532860559569398,0.23409926891326904,0.30836110562086105,0.3393133580684662,0.3605746626853943,0.46570926904678345,600.0,0.39660826936364174,0.020258737534060708,0.33253297209739685,0.3853352963924408,0.39494676887989044,0.4057052358984947,0.5151079893112183
nlm_thin,600.0,5312.0,0.0,5312.0,5312.0,5312.0,5312.0,5312.0,600.0,2988.0,0.0,2988.0,2988.0,2988.0,2988.0,2988.0,600.0,1.7777777777777783,2.377859648739585e-14,1.7777777777777777,1.7777777777777777,1.7777777777777777,1.7777777777777777,1.7777777777777777,600.0,0.377760155548652,0.013140512987315682,0.31902575492858887,0.3704015463590622,0.37899816036224365,0.3860648348927498,0.409344345331192,600.0,0.33206207434336343,0.039948415394764805,0.235795795917511,0.3000689297914505,0.3114640712738037,0.37344228476285934,0.4085439443588257,600.0,0.32489109930892784,0.04927808427638299,0.23444011807441711,0.2813955247402191,0.29346661269664764,0.3744485378265381,0.4200406074523926
pets,600.0,442.29,117.74612300399012,180.0,373.75,500.0,500.0,1999.0,600.0,389.675,100.74110709850456,185.0,333.0,375.0,500.0,1499.0,600.0,1.184117112427832,0.32681898613494464,0.5175983436853002,0.792,1.3333333333333333,1.492537313432836,2.5641025641025643,600.0,0.4868004893263181,0.12400079592270759,0.13429075479507446,0.40339021384716034,0.48620177805423737,0.5660386383533478,0.9052696228027344,600.0,0.4469055613875389,0.11972375303477807,0.12660080194473267,0.3671319782733917,0.4449218809604645,0.5251895487308502,0.8630285263061523,600.0,0.3937870658934116,0.1321342391301551,0.08493796736001968,0.2938850075006485,0.3815965950489044,0.48271581530570984,0.7994868159294128
synthetic,600.0,320.0,0.0,320.0,320.0,320.0,320.0,320.0,600.0,256.0,0.0,256.0,256.0,256.0,256.0,256.0,600.0,1.25,0.0,1.25,1.25,1.25,1.25,1.25,600.0,0.6270434276511272,0.23652025325085882,0.007843137718737125,0.4960985407233238,0.5017597675323486,0.8390366584062576,0.9725492000579834,600.0,0.6386222237038116,0.23428348741574612,0.0117647061124444,0.4963570237159729,0.5314338505268097,0.8440592437982559,1.0,600.0,0.6337889941448035,0.23662553663195465,0.003921568859368563,0.49606023728847504,0.5471201241016388,0.8392490744590759,0.9960784316062927
taleqani,596.0,224.0,0.0,224.0,224.0,224.0,224.0,224.0,596.0,224.0,0.0,224.0,224.0,224.0,224.0,224.0,596.0,1.0,0.0,1.0,1.0,1.0,1.0,1.0,596.0,0.8240635547061894,0.06756910350412672,0.6488128304481506,0.7655580043792725,0.8210382461547852,0.8863367587327957,0.958095908164978,596.0,0.8539833405473888,0.05062742527825625,0.7402994632720947,0.812712550163269,0.8541092276573181,0.898190513253212,0.9636566042900085,596.0,0.938879307384459,0.025560963247996765,0.8544807434082031,0.924401581287384,0.9425686001777649,0.9587048590183258,0.9846316576004028
