name,class,licence,url,grouping,archive_sha256,count,groups
nlm_thin,malaria,NLM Data License Agreement; read downloaded document,https://data.lhncbc.nlm.nih.gov/public/Malaria/NIH-NLM-ThinBloodSmearsPf/NIH-NLM-ThinBloodSmearsPf.zip,nlm_thin,3d86af70b3a80d7ecdcc07f8fee0d0d9c9c197cccd907e239abb92c0357c3ea9,600,193
nlm_thick_pf,malaria,NLM terms; exact thick-source reuse terms UNVERIFIED,https://data.lhncbc.nlm.nih.gov/public/Malaria/Thick_Smears_150/ThickBloodSmears_150.zip,nlm_thick_pf,520d1e5360ea78518af5f089bb1f962b5e903a962b040f51ffae6e02a4ebcfe5,600,150
defungi,fungal,CC BY 4.0; UCI 773,https://archive.ics.uci.edu/static/public/773/defungi.zip,defungi,02020311d1f8207f3aa3bf8b2303a5106463ac0bf35adde4ae042e8b2716ff6c,600,416
breakhis,breast_cancer,Non-commercial research wording; applicable redistribution terms UNVERIFIED,http://www.inf.ufpr.br/vri/databases/BreaKHis_v1.tar.gz,breakhis,d118014cf8a58f6d1fc4571e55efb523c932c85cfba2fb05627e455fc40bd640,400,80
taleqani,leukaemia,UNVERIFIED,https://www.kaggle.com/datasets/mehradaria/leukemia,taleqani,,596,596
cnmc,leukaemia,UNVERIFIED,https://www.kaggle.com/datasets/andrewmvd/leukemia-classification,cnmc,,365,73
pets,reject,UNVERIFIED: review original dataset terms linked by torchvision,https://www.robots.ox.ac.uk/~vgg/data/pets/data/images.tar.gz,pets,67195c5e1c01f1ab5f9b6a5d22b8c27a580d896ece458917e61d459337fa318d,600,600
flowers,reject,UNVERIFIED: review original dataset terms linked by torchvision,https://www.robots.ox.ac.uk/~vgg/data/flowers/102/102flowers.tgz,flowers,2d01ecc807db462958cfe3d92f57a8c252b4abd240eb955770201e45f783b246,600,600
dtd,reject,UNVERIFIED: review original dataset terms linked by torchvision,https://www.robots.ox.ac.uk/~vgg/data/dtd/download/dtd-r1.0.1.tar.gz,dtd,e42855a52a4950a3b59612834602aa253914755c95b0cff9ead6d07395f8e205,600,600
kather,reject,CC BY 4.0 per Zenodo description; grouping needs audit,https://zenodo.org/records/53169/files/Kather_texture_2016_image_tiles_5000.zip?download=1,kather,936d0b95ae0f04f1f7b18a2b7e8c55776c3e887d102f645bcee752d1a6626a32,50,10
synthetic,reject,Generated by this notebook; no external dataset,procedural generation in notebook,base seed,,600,600
